filename,csv,expt.name,date,processing,usable,sample.no,donor,virus,dyes,condition,other notes,jammed,crypts,cyst,infxn.in.crypt,mucus.simple,mucus.mvmt.type,mucus.stop.frame,video.end.frame,mucus.stop.frame.end,mucus.dir,ruptures.yn,focal apoptosis,focus.type,focus.num,focus.simple,20hpi.spots,48hpi.focicount,peak.spots,peak.spots.frame,peak.pix.1100,peak.fxn.1100,peak.fxn.1100.frame,,,n.mm.2a,n.mm.2b,n.mm.2mean,fromold,piv.total,piv.fxn.3,piv.fxn.6,piv.fxn.12,piv.fxn.24,piv.fxn.48,piv.mean.speed,piv.median.speed,maxgfp0,maxgfp850,maxgfp900,maxgfp1000,maxgfp1100,frame.maxgfp0,frame.maxgfp850,frame.maxgfp900,frame.maxgfp1000,frame.maxgfp1100,t0spy0,t0spy350,t0spy400,t0spy500,t20spy0,t20spy350,t20spy400,t20spy500
continual2_pt01_aligned_cropped.tif,continual2_pt01_spots.csv,continual2,240422,assess,1,1,7,mock,spy + nuc,rinsed,,edge,edgefurrow,clean,,rotary,rotary.2,100,100,yes,fast.complex,n,y,mock,0,mock,0,,,,,,,,,noncomparable,noncomparable,noncomparable,0,3933,1403,240,43,5,0,2.87803574,2.324139835,14139629,6899836,1859186,317743,101641,0,9,9,9,9,14139629,12733640,12364884,11551019,14139629,13137828,12706681,11753437
continual2_pt02_aligned_cropped.tif,continual2_pt02_spots.csv,continual2,240422,assess,1,2,7,egfp,spy + nuc,rinsed,,edge,edgefurrow,clean,,rotary,rotary,100,100,yes,cw,n,y,diffuse-comet,6,diffuse,8,,,,,,,,,noncomparable,noncomparable,noncomparable,0,4174,1245,613,279,53,1,3.394750093,1.421263378,15039805,6572185,2288737,1027426,573150,0,9,9,9,9,15039805,12827166,12446373,11251289,15039805,13150108,12767738,11534165
continual2_pt03_aligned_cropped.tif,continual2_pt03_spots.csv,continual2,240422,assess,0,3,7,egfp,spy + nuc,rinsed,extra pale spytub. This is the yeastie boy.,edge,edgefurrow,clean,,,,,100,,,,,,,,,,,,,,,,,noncomparable,noncomparable,noncomparable,0,4179,710,116,4,1,0,1.891057263,1.425955891,15039805,3861447,1696013,968652,557893,0,9,9,9,31,15039805,983961,212439,18365,15039805,7975,953,4
continual2_pt04_aligned_cropped.tif,continual2_pt04_spots.csv,continual2,240422,assess,1,4,7,egfp,spy + nuc,rinsed,maybe also yeast,edge,edgefurrow,clean,,rotary,rotary.2,40,100,no,fast.complex,n,y,diffuse,,diffuse,52,,,,,,,,,noncomparable,noncomparable,noncomparable,0,4126,668,166,28,7,0,1.810807848,1.11656389,14875321,7498675,2489448,868422,441970,0,9,9,9,9,14875321,11741705,9551351,1654355,14875321,11415714,8619849,898558
continual2_pt05_aligned_cropped.tif,continual2_pt05_spots.csv,continual2,240422,assess,1,5,5,egfp,spy + nuc,rinsed,,edge,edgefurrow,clean,,rotary,rotary,100,100,yes,cw,n,n,diffuse-comet,6,diffuse,,,,,,,,,,noncomparable,noncomparable,noncomparable,0,4252,920,394,178,53,0,2.894048464,1.657338672,15315997,6096037,2807541,1165185,608236,0,9,9,9,9,15315997,12237735,11805837,8814365,15315997,12401841,11926211,9865971
continual2_pt06_aligned_cropped.tif,continual2_pt06_spots.csv,continual2,240422,assess,1,6,5,egfp,spy + nuc,rinsed,,edge,edgefurrow,clean,,rotary,rotary,100,100,yes,cw,n,n,diffuse,,diffuse,,,,,,,,,,noncomparable,noncomparable,noncomparable,0,4012,573,286,92,18,2,2.097776077,1.114877801,14440961,4677170,1375722,469597,159386,0,9,9,9,9,14440961,12295703,11989405,10614626,14440961,12504386,12119266,10859066
continual2_pt07_aligned_cropped.tif,continual2_pt07_spots.csv,continual2,240422,assess,1,7,5,egfp,spy + nuc,rinsed,,jammed,edgefurrow,clean,,rotary,rotary,100,100,yes,fast,n,y,diffuse,,diffuse,11,,,,,,,,,noncomparable,noncomparable,noncomparable,0,4178,718,451,249,30,0,2.681252889,1.078496545,15039805,5211564,1865093,765882,342628,0,9,9,9,9,15039805,12434292,12059316,10738176,15039805,12602390,12220636,11178059
continual2_pt08_aligned_cropped.tif,continual2_pt08_spots.csv,continual2,240422,assess,1,8,5,mock,spy + nuc,rinsed,,edge,edgefurrow,clean,,rotary,rotary.2,100,100,yes,complex,n,n,mock,0,mock,0,,,,,,,,,noncomparable,noncomparable,noncomparable,0,4072,749,389,175,32,0,3.008799366,1.878017399,14841269,3714687,1396264,551110,177502,0,9,9,9,9,14841269,12571145,12136962,10473943,14841269,12751755,12303978,10827701
continual2_pt09_aligned_cropped.tif,continual2_pt09_spots.csv,continual2,240422,assess,1,9,7,mock,spy + nuc,young,,,,,,,,,100,na,na,na,na,mock,0,mock,0,,,,,,,,,noncomparable,noncomparable,noncomparable,0,4343,71,0,0,0,0,2.590336091,2.56937177,15706805,9231053,6034254,1802254,625577,77,9,9,9,9,15681436,94,0,0,15655427,174,121,7
continual2_pt10_aligned_cropped.tif,continual2_pt10_spots.csv,continual2,240422,assess,1,10,7,egfp,spy + nuc,young,"much faster- spots became visible at  hpi, mostly gone at 110",,,,,,,,100,na,na,na,na,plaque,,plaque,,,,,,,,,,noncomparable,noncomparable,noncomparable,0,3869,937,528,213,14,2,2.57263926,0.524578101,13960073,5761160,2029196,617919,392233,0,9,9,9,9,13960073,0,0,0,13960073,41,10,0
continual2_pt11_aligned_cropped.tif,continual2_pt11_spots.csv,continual2,240422,assess,1,11,7,venus,spy + nuc,vanilla,,jammed,edgefurrow,clean,,rotary,rotary.many,100,100,yes,fast.complex,n,n,mock,0,mock,0,,,,,,,,,noncomparable,noncomparable,noncomparable,0,4189,1885,946,340,62,1,4.663266033,2.657896764,15094805,9761471,3257963,1025695,496191,0,9,9,9,9,15094805,12613423,12283348,11625321,15094805,12814194,12486075,11904740
continual2_pt12_aligned_cropped.tif,continual2_pt12_spots.csv,continual2,240422,assess,1,12,7,venus,spy + nuc,vanilla,Lots of TRITC bleedthrough. Most infection happened late- think I spread it in a rinse?,jammed,edgefurrow,clean,,rotary,rotary,100,100,yes,fast,n,na,comet,,comet,1,,,,,,,,,noncomparable,noncomparable,noncomparable,0,4140,2190,731,273,67,0,4.534622366,3.120896924,14929917,9993165,4364898,990234,509436,0,9,9,9,9,14929917,12702554,12368833,11311750,14929917,12792501,12453784,11720231
longcilia2_pt01_aligned_cropped.tif,longcilia2_pt01_aligned_cropped-all-spots.csv,longcilia2,240415,assess,1,1,3,mock,spy + nuc,vanilla,crunkly edges in NV,jammed,edgefurrow,clean,,rotary,rotary.2,76,76,yes,fast.complex,n,n,mock,0,mock,0,,,,,,,,,nd,nd,nd,0,4236,723,203,93,22,0,2.433654261,1.732987724,15260513,13691981,8850217,1121873,352324,0,21,21,21,21,15260513,14255373,13858355,13337724,15260513,14333849,13974180,13423598
longcilia2_pt02_aligned_cropped.tif,longcilia2_pt02_aligned_cropped-all-spots.csv,longcilia2,240415,assess,1,2,3,egfp,spy + nuc,vanilla,crunkly edges in NV,jammed,edgefurrow,clean,,rotary,rotary,76,76,yes,cw,n,n,diffuse,,diffuse,5,,,,,,,,,nd,nd,nd,0,4053,663,168,57,9,0,1.951773575,1.205798576,14602977,328899,212207,67996,45383,0,0,0,42,43,14602977,14120340,13843315,13402489,14602977,14122146,13868014,13377358
longcilia2_pt03_aligned_cropped.tif,longcilia2_pt03_aligned_cropped-all-spots.csv,longcilia2,240415,assess,1,3,5,egfp,spy + nuc,vanilla,crunkly edges in NV. Definitely something wrong with this one?,jammed,edgefurrow,clean,,rotary,rotary,76,76,yes,cw,n,y,plaque,,plaque,1,,,,,,,,,nd,nd,nd,0,4188,303,60,11,2,0,1.19267312,0.718713958,15094805,520868,302908,31084,687,0,0,0,0,20,15094805,14011346,13632910,13064279,15094805,14024512,13694534,13052485
longcilia2_pt04_aligned_cropped.tif,longcilia2_pt04_aligned_cropped-all-spots.csv,longcilia2,240415,assess,1,4,5,mock,spy + nuc,vanilla,"crunkly edges in NV, but otherwise maybe good for visualization?",jammed,edgefurrow,clean,,rotary,rotary.many,76,76,yes,fast.complex,n,n,mock,0,mock,0,,,,,,,,,nd,nd,nd,0,4316,818,253,129,31,0,2.562390543,1.679098806,15538697,636882,344306,43966,365,0,0,0,0,0,15538697,14408386,14010546,13462210,15538697,14358932,14027130,13455710
longcilia2_pt05_aligned_cropped.tif,longcilia2_pt05_aligned_cropped-all-spots.csv,longcilia2,240415,assess,1,5,5,mock,spy + nuc,vanilla,crunkly edges in NV,jammed,edgefurrow,clean,,rotary,rotary,76,76,yes,fast.complex,n,n,mock,0,mock,0,,,,,,,,,nd,nd,nd,0,4207,1307,471,212,66,0,3.465574153,2.129334289,15149977,592281,345831,60473,875,0,0,0,0,0,15149977,14157925,13669690,13082888,15149977,14106457,13675999,13032320
longcilia2_pt06_aligned_cropped.tif,longcilia2_pt06_aligned_cropped-all-spots.csv,longcilia2,240415,assess,1,6,5,egfp,spy + nuc,vanilla,very patchy cilia pre-infection. Crunkly edges.,jammed,edgefurrow,clean,,rotary,rotary.many,76,76,yes,fast.complex,n,n,mock,,mock,0,,,,,,,,,nd,nd,nd,0,4213,1404,526,125,23,1,3.175424304,1.916444426,15149977,645175,352856,52253,599,1,0,0,0,0,15149977,14144316,13835693,13425539,15149977,14260751,13941078,13357987
longcilia2_pt07_aligned_cropped.tif,longcilia2_pt07_aligned_cropped-all-spots.csv,longcilia2,240415,assess,1,7,7,egfp,spy + nuc,vanilla,crunkly edges in NV,jammed,edgefurrow,clean,,rotary,rotary,76,76,yes,fast.complex,n,n,diffuse,,diffuse,4,,,,,,,,,nd,nd,nd,0,4179,1338,539,173,54,0,3.251830796,1.726149399,15039805,623988,415532,114085,26623,0,0,0,0,42,15039805,13986302,13509484,12893782,15039805,13994999,13594133,12928759
longcilia2_pt08_aligned_cropped.tif,longcilia2_pt08_aligned_cropped-all-spots.csv,longcilia2,240415,assess,1,8,7,mock,spy + nuc,vanilla,crunkly edges in NV,jammed,edgefurrow,clean,,rotary,rotary.many,76,76,yes,fast.complex,n,n,mock,0,mock,0,,,,,,,,,nd,nd,nd,0,4236,1176,424,157,18,0,2.931319528,1.883362224,15260513,821387,542434,134986,3426,0,0,0,0,0,15260513,13955199,13444517,12880351,15260513,13933930,13422761,12768405
longcilia2_pt09_aligned_cropped.tif,longcilia2_pt09_aligned_cropped-all-spots.csv,longcilia2,240415,assess,1,9,7,mock,spy + nuc,vanilla,crunkly edges in NV,jammed,edgefurrow,clean,,rotary,disorganized,76,76,yes,disorganized,n,y,mock,0,mock,0,,,,,,,,,nd,nd,nd,0,3996,1381,705,256,26,0,3.485992548,1.676939361,14387181,359064,236032,66920,4560,0,0,0,0,0,14387181,13851386,13567848,13126343,14387181,13851962,13595651,13113384
longcilia2_pt10_aligned_cropped.tif,longcilia2_pt10_aligned_cropped-all-spots.csv,longcilia2,240415,assess,1,10,7,egfp,spy + nuc,vanilla,crunkly edges in NV,jammed,pointycrypts,clean,,rotary,rotary.many,76,76,yes,fast.complex,n,y,diffuse,,diffuse,4,,,,,,,,,nd,nd,nd,0,4153,806,266,81,17,1,2.095668495,1.057475106,14943832,639907,419151,150613,46923,0,0,0,0,41,14943832,14347926,13991497,13560574,14943832,14335471,14033672,13559172
ciliako44_pt01_aligned_cropped.tif,ciliako44_pt01.csv,ciliako44,240312,assess,1,1,3,egfp,spy + nuc,nt-3,"beautiful nv, spy, gfp. We love it.",edge,edgefurrow,clean,no,rotary,rotary,57,57,yes,,,,diffuse,,diffuse,,,,,,,,,,1.17E+08,1.22E+08,119206653.7,0,4012,916,140,10,2,0,2.33426684,1.966959065,14623577,3529214,2854808,1895181,1426081,0,56,56,43,43,14623577,14076439,13594036,13120343,14623577,13897581,13478585,12837495
ciliako44_pt02_aligned_cropped.tif,ciliako44_pt02.csv,ciliako44,240312,assess,1,2,3,egfp,spy + nuc,cypa-2,,unjammed,edgefurrow,clean,some,rotary,rotary,57,57,yes,,,,diffuse,,diffuse,,,,,,,,,,7.47E+07,6.87E+07,71719698.46,0,4024,2242,1054,469,102,2,5.560258289,3.343463408,14684620,2056699,1134796,612872,447117,0,0,0,42,42,14684620,14034847,13591364,12905313,14684620,13933933,13585029,12715539
ciliako44_pt03_aligned_cropped.tif,ciliako44_pt03.csv,ciliako44,240312,assess,1,3,7,egfp,spy + nuc,dnah5-1,,jammed,pointycrypts,clean,no,rotary,rotary.weak,50,57,no,,,,plaque-littlecomet,,plaque,,,,,,,,,,1.82E+07,1.79E+07,18054204.61,0,4012,658,131,27,2,0,2.182103803,1.778396017,14596437,998958,540497,337727,248679,0,2,56,56,56,14596437,14134242,13824131,13479716,14596437,14046363,13797007,13351423
ciliako44_pt04_aligned_cropped.tif,ciliako44_pt04.csv,ciliako44,240312,assess,1,4,7,egfp,spy + nuc,dnai1-2,,jammed,pointycrypts,clean,no,rotary,rotary.weak,57,57,no,,,,littlecomet,,comet,,,,,,,,,,4.01E+07,4.32E+07,41630971.08,0,4004,778,179,20,1,0,2.288115441,1.860132288,14582901,1846739,774797,359133,180947,0,2,2,0,0,14582901,14228166,13897458,13448131,14582901,14066247,13720070,13159843
ciliako44_pt05_aligned_cropped.tif,ciliako44_pt05.csv,ciliako44,240312,assess,1,5,7,egfp,spy + nuc,cypa-2,,unjammed,furrows,clean,yes,rotary,rotary,51,57,no,,,,diffuse,,diffuse,,,,,,,,,,1.72E+08,2.12E+08,192194136.6,0,4012,3832,3206,2204,1329,422,21.03111379,14.32780002,14596437,5729979,4625335,3073451,2244400,0,46,46,46,46,14596437,13898595,13359654,11748346,14593194,13775128,12848581,11065890
ciliako44_pt06_aligned_cropped.tif,ciliako44_pt06.csv,ciliako44,240312,assess,1,6,7,egfp,spy + nuc,nt-3,,edge,edgefurrow,clean,no,rotary,rotary,57,57,yes,,,,diffuse,,diffuse,,,,,,,,,,3.30E+08,2.95E+08,312705656.8,0,4230,1939,680,191,19,0,3.998532699,2.800318393,15343964,8629519,5968475,3794232,2543814,0,46,46,46,46,15343964,14608637,14133440,13666286,15343964,14386092,14043178,13341273
ciliako44_pt07_aligned_cropped.tif,ciliako44_pt07.csv,ciliako44,240312,assess,1,7,7,egfp,spy + nuc,nt-3,,edge,edgefurrow,clean,no,rotary,rotary,57,57,yes,,,,diffuse,,diffuse,,,,,,,,,,2.23E+08,2.31E+08,226730072.7,0,4064,3668,1692,214,23,0,6.192054307,5.628174483,14813857,9136653,7173684,4915795,3102152,0,46,46,46,46,14813857,14360960,13996946,13662814,14813857,14318458,13971115,13504592
ciliako44_pt08_aligned_cropped.tif,ciliako44_pt08.csv,ciliako44,240312,assess,1,8,7,egfp,spy + nuc,cypa-2,this one is getting its n rna rerun owing to big ol discrepancy,unjammed,furrows,clean,no,rotary,rotary,55,57,no,,,,diffuse,,diffuse,,,,,,,,,,1.88E+08,1.73E+08,180898309.8,0,4256,2081,1168,670,290,4,6.455697738,2.913809481,15455152,7676172,5989792,4074262,2624119,0,46,46,46,46,15455152,14435014,13850119,12870705,15455152,14264994,13666896,12247046
ciliako44_pt09_aligned_cropped.tif,ciliako44_pt09.csv,ciliako44,240312,assess,1,9,7,egfp,spy + nuc,dnai1-2,,unjammed,edgefurrow,clean,no,rotary,rotary.weak,57,57,yes,,,,littlecomet,,comet,,,,,,,,,,4.97E+07,4.65E+07,48131078.64,0,3933,821,193,63,4,0,2.398674887,1.754717608,14300053,1302079,866046,561536,348909,0,2,46,46,46,14300053,14048202,13909236,13593627,14300053,14049027,13908548,13439282
ciliako44_pt10_aligned_cropped.tif,ciliako44_pt10.csv,ciliako44,240312,assess,1,10,7,egfp,spy + nuc,dnah5-1,,unjammed,pointycrypts,clean,no,disorganized,disorganized,49,57,no,,,,plaque-littlecomet,,plaque,,,,,,,,,,1.43E+07,1.37E+07,14011825.92,0,3933,537,159,20,1,0,1.70635835,1.099143832,14313381,1106313,585847,299960,152500,0,2,46,46,46,14313381,13651124,13257370,12873413,14313381,13664682,13220787,12763679
ciliako44_pt11_aligned_cropped.tif,ciliako44_pt11.csv,ciliako44,240312,assess,1,11,5,egfp,spy + nuc,dnah5-1,did the ko work well on this one?,jammed,clean,clean,no,rotary,rotary.weak,57,57,yes,,,,diffuse,,diffuse,,,,,,,,,,7.56E+07,6.87E+07,72121599.95,0,4004,207,78,14,3,1,1.174897491,0.773818625,14542321,3010338,2039121,1261389,816902,0,46,46,46,46,14542313,13888693,13431411,12940595,14542321,13682392,13264509,12685946
ciliako44_pt12_aligned_cropped.tif,ciliako44_pt12.csv,ciliako44,240312,assess,1,12,5,egfp,spy + nuc,dnai1-2,or this one?,jammed,clean,clean,no,rotary,rotary,57,57,yes,,,,diffuse,,diffuse,,,,,,,,,,1.31E+08,1.22E+08,126269290.7,0,4072,490,78,5,2,2,1.843169543,1.515460913,14861656,2678613,2136676,1506082,962573,0,46,46,46,46,14861656,14102648,13768845,13154178,14861656,13941775,13643374,12786322
ciliako44_pt13_aligned_cropped.tif,ciliako44_pt13.csv,ciliako44,240312,assess,1,13,5,egfp,spy + nuc,cypa-2,SUPER HOT infection,edge,clean,clean,no,rotary,rotary,57,57,yes,,,,diffuse,,diffuse,,,,,,,,,,2.87E+08,2.64E+08,275408254.3,0,3842,998,254,43,1,0,2.531762904,1.90285268,14013204,4816974,3214028,1781556,1081666,0,46,46,46,46,14013204,13626845,13338224,12557525,14013204,13558681,13083534,11754216
ciliako44_pt14_aligned_cropped.tif,ciliako44_pt14.csv,ciliako44,240312,assess,1,14,5,egfp,spy + nuc,nt-3,beautiful nv. Good for vids? Diffuse but only under the mucus :/,jammed,clean,clean,no,rotary,rotary,57,57,yes,,,,diffuse,,diffuse,,,,,,,,,,8.03E+07,7.91E+07,79730893.58,0,4163,1604,516,180,58,0,3.774720993,2.356951526,15219200,2323027,1949185,1307593,616913,0,46,46,46,46,15219200,13710973,13368678,12908748,15219200,13564243,13182934,12390269
ciliako44_pt15_aligned_cropped.tif,ciliako44_pt15.csv,ciliako44,240312,assess,1,15,5,egfp,spy + nuc,nt-3,good for a vid! Shows mucus and virus coloc.,edge,edgefurrow,clean,no,rotary,rotary,57,57,yes,,,,diffuse,,diffuse,,,,,,,,,,1.69E+08,1.85E+08,177392642.7,0,3945,304,33,5,5,0,1.600995867,1.373640122,14441088,4238558,3121706,1936320,1213629,0,46,46,46,46,14441088,13766855,13514422,13107200,14441088,13720628,13385396,12643276
ciliako44_pt16_aligned_cropped.tif,ciliako44_pt16.csv,ciliako44,240312,assess,1,16,5,egfp,spy + nuc,cypa-2,,edge,edgefurrow,clean,no,rotary,rotary,43,57,no,,,,diffuse,,diffuse,,,,,,,,,,1.77E+08,1.64E+08,170344653.6,0,3933,1009,321,63,5,0,2.595287932,1.823232883,14286613,14221123,13566934,6991988,2471626,0,46,46,46,46,14286613,13600293,13223416,12173072,14286613,13456861,12817158,11128673
ciliako44_pt17_aligned_cropped.tif,ciliako44_pt17.csv,ciliako44,240312,assess,1,17,5,egfp,spy + nuc,dnai1-2,,edge,clean,clean,no,rotary,rotary,47,57,no,,,,diffuse,,diffuse,,,,,,,,,,1.79E+08,1.63E+08,171250558.4,0,4145,619,160,49,6,0,2.317223162,1.85552603,15108772,3989892,3080135,2225720,1367674,0,46,46,46,46,15108772,13748704,13031768,12210391,15108772,13482438,12834261,11814985
ciliako44_pt18_aligned_cropped.tif,ciliako44_pt18.csv,ciliako44,240312,assess,1,18,5,egfp,spy + nuc,dnah5-1,,edge,pointycrypts,clean,no,disorganized,disorganized,42,57,no,,,,diffuse,,diffuse,,,,,,,,,,8.85E+07,9.61E+07,92325509.67,0,3945,130,5,1,1,0,1.024138603,0.775291401,14441088,3894505,2517702,1704165,1217814,0,46,46,46,46,14441088,13553185,13000422,12440690,14441088,13429990,12884170,12176776
,,ciliako44,240312,unusable,1,19,3,egfp,spy + nuc,dnah5-1,scope stage x motor dysfunction made it so I couldn't image these ):,,,,,,,,,,,,,,,,,,,,,,,,,6.84E+07,6.52E+07,66821273.48,0,,,,,,,,,,,,,,,,,,,,,,,,,,
,,ciliako44,240312,unusable,1,20,3,egfp,spy + nuc,dnai1-2,scope stage x motor dysfunction made it so I couldn't image these ):. How did this one look on ciliavids?,,,,,,,,,,,,,,,,,,,,,,,,,1.56E+08,1.65E+08,160473671.3,0,,,,,,,,,,,,,,,,,,,,,,,,,,
mb_longcilia_pt01_aligned_cropped.tif,mb_longcilia_pt01_aligned_cropped-all-spots.csv,longcilia,240205,assess,1,1,4,mock,spy + beads,vanilla,mucus too loose and spinning too fast. Moved across fovs during tilescan  basically the entire time,edge,edgefurrow,cysts,mock,rotary,rotary,67,67,yes,cw,,,mock,,mock,0,,,,,,,,,nd,nd,nd,0,2921,1343,865,632,474,0,8.81034523,--,15039805,15002647,14464428,6066025,969017,0,11,11,11,11,15039805,11115460,6877240,746306,15039805,12198606,11561122,8524111
mb_longcilia_pt02_aligned_cropped.tif,mb_longcilia_pt02_aligned_cropped-all-spots.csv,longcilia,240205,assess,1,2,4,mock,spy + beads,vanilla,"""",edge,edgefurrow,cysts,mock,rotary,rotary,67,67,yes,ccw,,,mock,,mock,0,,,,,,,,,nd,nd,nd,0,2838,2345,753,483,341,0,8.759747686,3.555419407,13748933,13202424,12677545,5886189,325427,0,11,11,11,11,13748933,10470599,5246691,221140,13748933,12305933,11639268,8827195
mb_longcilia_pt03_aligned_cropped.tif,mb_longcilia_pt03_aligned_cropped-all-spots.csv,longcilia,240205,assess,1,3,4,egfp,spy + beads,vanilla,sparse infection for diffuse,edge,edgefurrow,cysts,no,rotary,rotary,67,67,yes,cw,,,diffuse.sparse,,,0,,,,,,,,,nd,nd,nd,0,2642,2620,508,474,406,190,11.55178934,3.639200772,13748933,13700068,13167433,6301655,675422,0,11,11,11,21,13748933,11106740,6891522,497335,13748933,12287047,11689698,9213777
mb_longcilia_pt04_aligned_cropped.tif,mb_longcilia_pt04_aligned_cropped-all-spots.csv,longcilia,240205,assess,1,4,4,egfp,spy + beads,vanilla,,unjammed,edgefurrow,clean,yes,disorganized,disorganized,67,67,yes,,,,plaque,,plaque,3,,,,,,,,,nd,nd,nd,0,2722,2469,922,555,541,0,10.80962138,--,14528809,14268829,13277756,6823693,657596,0,21,11,11,11,14528809,10675196,5977395,213426,14528809,12305269,11637515,9090231
mb_longcilia_pt05_aligned_cropped.tif,mb_longcilia_pt05_aligned_cropped-all-spots.csv,longcilia,240205,assess,1,5,7,egfp,spy + beads,vanilla,sparse infection for diffuse,edge,edgefurrow,clean,some,rotary,rotary,67,67,yes,cw,,,diffuse.sparse,,,0,,,,,,,,,nd,nd,nd,0,1677,1316,1316,1316,1316,0,27.92223586,--,14562576,14480471,13825039,6336296,593152,0,11,11,11,11,14562576,11897406,8960486,505334,14562576,12563446,12150928,10724207
mb_longcilia_pt06_aligned_cropped.tif,mb_longcilia_pt06_aligned_cropped-all-spots.csv,longcilia,240205,assess,1,6,7,egfp,spy + beads,vanilla,not infected,edge,edgefurrow,clean,mock,rotary,rotary,67,67,yes,ccw,,,mock,,mock,0,,,,,,,,,nd,nd,nd,0,2378,680,389,363,307,0,6.685870157,1.499464299,14026592,13971995,13345494,6017779,235161,0,11,11,11,11,14026592,11574179,7099122,237173,14026592,12652366,12088615,9871788
mb_longcilia_pt07_aligned_cropped.tif,mb_longcilia_pt07_aligned_cropped-all-spots.csv,longcilia,240205,assess,1,7,7,mock,spy + beads,vanilla,,edge,edgefurrow,clean,mock,rotary,rotary,67,67,yes,cw,,,mock,,mock,0,,,,,,,,,nd,nd,nd,0,2036,639,349,335,309,0,7.109437867,--,13703137,13661502,13141268,5573461,161531,0,11,11,11,11,13703137,11477077,6902290,233234,13703137,12358853,11933823,9735948
mb_longcilia_pt08_aligned_cropped.tif,mb_longcilia_pt08_aligned_cropped-all-spots.csv,longcilia,240205,assess,1,8,7,mock,spy + beads,vanilla,,edge,edgefurrow,clean,mock,rotary,rotary.2,67,67,yes,,,,mock,,mock,0,,,,,,,,,nd,nd,nd,0,720,720,720,720,720,0,36.13019128,--,14119453,14072018,13523598,4988190,298337,0,11,11,11,11,14119453,11850125,8705510,591446,14119453,12572544,12076701,10618830
mb_longcilia_pt09_aligned_cropped.tif,mb_longcilia_pt09_aligned_cropped-all-spots.csv,longcilia,240205,assess,1,9,8,mock,spy + beads,vanilla,you can see bead background in fitc,edge,edgefurrow,clean,mock,rotary,rotary,67,67,yes,cw,,,mock,,mock,0,,,,,,,,,nd,nd,nd,0,3113,1020,854,704,599,316,15.09600624,1.763726095,15039805,15011699,14602507,7331401,1160531,0,11,11,11,11,15039805,10336792,4372435,78827,15039805,12070016,10918705,5402544
mb_longcilia_pt10_aligned_cropped.tif,mb_longcilia_pt10_aligned_cropped-all-spots.csv,longcilia,240205,assess,0,10,8,mock,spy + beads,vanilla,this one should not be infected???,edge,edgefurrow,clean,mock,rotary,rotary,67,67,yes,cw,,,plaque,,plaque,1,,,,,,,,,nd,nd,nd,0,3065,1353,1282,1178,984,253,16.04881082,0.231743807,15315997,15232192,14884366,8545731,1347236,12,11,11,11,11,15315863,10850068,4524306,43275,15315997,12215996,11334856,6256345
mb_longcilia_pt11_aligned_cropped.tif,mb_longcilia_pt11_aligned_cropped-all-spots.csv,longcilia,240205,assess,1,11,8,egfp,spy + beads,vanilla,very sparse ,edge,edgefurrow,clean,no,rotary,rotary,40,67,no,,,,diffuse.sparse,,,0,,,,,,,,,nd,nd,nd,0,3551,271,0,0,0,0,1.878889678,--,15371505,15313980,14932696,8408203,1441761,0,11,11,11,11,15371505,10434389,4688982,33120,15371505,11986466,10447574,5865687
mb_longcilia_pt12_aligned_cropped.tif,mb_longcilia_pt12_aligned_cropped-all-spots.csv,longcilia,240205,assess,1,12,8,egfp,spy + beads,vanilla,good infection,edge,edgefurrow,clean,no,rotary,rotary,26,67,no,cw,,,diffuse,,diffuse,0,,,,,,,,,nd,nd,nd,0,3594,2719,810,684,518,0,8.791461379,3.647806204,15260513,15215820,14937041,8996969,1665704,0,11,11,11,11,15260513,9778298,3382220,32182,15260513,11878130,10123843,3979877
mb_continualrinse_pt01_aligned_cropped.tif,,continualrinse,240129,track,0,1,4,egfp,cmo,rinsed,not infected,,,,,,,,,,ccw,,,,,,,,,,,,,,,nd,nd,nd,0,4390,3440,2680,1891,992,434,18.05377596,9.391814708,15819489,15800555,15600706,11161751,1949155,0,0,22,22,22,15819489,15819480,15818061,15801380,15819489,15819489,15819461,15808832
mb_continualrinse_pt02_aligned_cropped.tif,,continualrinse,240129,track,0,2,4,egfp,cmo,rinsed,not infected,,,,,,,,,,,,,,,,,,,,,,,,,nd,nd,nd,0,4353,3446,2577,1472,852,434,17.55368301,7.626033965,15819489,15800585,15662768,10602647,1989440,0,0,22,22,0,15819489,15662265,15611398,15536403,15819489,15791759,15715851,14143041
mb_continualrinse_pt03_aligned_cropped.tif,,continualrinse,240129,track,0,3,7,egfp,cmo,rinsed,donut shaped mucus. Not infected.,,,,,,,,,,,,,,,,,,,,,,,,,nd,nd,nd,0,4371,4199,3836,3274,2347,843,31.36064855,26.17441284,15819489,15811101,15652282,10239801,1789600,10,22,22,22,22,15817221,15817049,15812569,15780516,15819489,15819489,15819487,15807239
mb_continualrinse_pt04_aligned_cropped.tif,,continualrinse,240129,track,0,4,7,egfp,cmo,rinsed,not infected,,,,,,,,,,,,,,,,,,,,,,,,,nd,nd,nd,0,4322,4293,4162,3725,2733,1188,38.79202291,30.52578112,15818935,15716170,14886339,7262301,1934544,0,0,0,0,0,15818935,15794678,15773832,15728185,15781964,15780996,15779428,15768095
mb_continualrinse_pt05_aligned_cropped.tif,,continualrinse,240129,track,0,5,4,egfp,cmo,vanilla,3 gfp+ spots at like 144 hpi !,,,,,,,,,,,,,,,,,,,,,,,,,nd,nd,nd,0,3382,3327,3204,2917,2340,867,38.43300983,29.87001242,14711657,13464515,9875341,4018804,636311,0,21,0,0,21,14711657,14708268,14702921,14680386,14711657,14711657,14711608,14702305
mb_continualrinse_pt06_aligned_cropped.tif,,continualrinse,240129,track,0,6,4,egfp,cmo,vanilla,a little better! This one did have a little secondary mucus disk pop up just as the big one stopped moving,,,,,rotary,rotary,68,80,no,cw,,,diffuse,,diffuse,6,,,,,,,,,nd,nd,nd,0,4193,4025,3586,2727,1462,597,27.30388463,17.57425103,15094805,13594355,9088150,1641169,840224,0,21,21,21,21,15094805,15093453,15091528,15075514,15094805,15094479,15092526,15088780
mb_continualrinse_pt07_aligned_cropped.tif,,continualrinse,240129,track,0,7,8,egfp,cmo,rinsed,not infected. Another donut.,,,,,,,,,,,,,,,,,,,,,,,,,nd,nd,nd,0,4367,4217,4007,3411,2200,973,34.78263198,24.12948003,15819489,14582770,10655441,2771492,1523860,10,21,21,21,21,15818042,15713584,15650012,15554950,15819251,15720881,15615954,15243919
mb_continualrinse_pt08_aligned_cropped.tif,,continualrinse,240129,track,0,8,8,egfp,cmo,rinsed,not infected,,,,,,,,,,,,,,,,,,,,,,,,,nd,nd,nd,0,4394,3625,2981,2033,1010,476,21.00930441,10.84999128,15819489,14697784,11124049,2922055,1349119,0,21,21,21,21,15819489,15805393,15780041,15725391,15801981,15779571,15748548,15661969
mb_continualrinse_pt09_aligned_cropped.tif,,continualrinse,240129,track,0,9,7,egfp,cmo,vanilla,not infected,,,,,,,,,,,,,,,,,,,,,,,,,nd,nd,nd,0,4056,3967,3799,3380,2329,858,35.25191842,27.87609669,14602977,12706302,7962056,1223896,520441,0,21,21,21,21,14602977,14602933,14601385,14589860,14602977,14602977,14602977,14602165
mb_continualrinse_pt10_aligned_cropped.tif,,continualrinse,240129,track,0,10,7,egfp,cmo,vanilla,not infected,,,,,,,,,,,,,,,,,,,,,,,,,nd,nd,nd,0,4387,4197,3953,3496,2554,1168,35.83228186,28.97886691,15819489,15278526,12232072,3347331,1397266,0,44,44,44,44,15819489,15818365,15813249,15784520,15819489,15819489,15819489,15819271
mb_continualrinse_pt11_aligned_cropped.tif,,continualrinse,240129,track,0,11,8,egfp,cmo,vanilla,not infected,,,,,,,,,,,,,,,,,,,,,,,,,nd,nd,nd,0,4199,4157,4039,3665,2903,939,37.93448938,31.83618335,15538697,14705798,11548118,2743084,1214162,0,44,44,44,44,15538697,15525182,15513900,15457708,15538697,15534183,15505540,15365806
ciliako3_pt1_concat_maxproj_aligned_cropped.tif,ciliako3_pt1_concat_maxproj_aligned_cropped-all-spots.csv,ciliako3,240124,assess,0,1,2,egfp,spy + something,nt-3,I don't think this has anythin in tritc?,jammed,clean,clean,,rotary,rotary,60,60,yes,cw,n,,plaque-littlecomet,,plaque,1,,,,,,,,,24388138.66,24165920.27,2.43E+07,0,4146,814,448,189,56,0,2.500187335,0.691994819,14929917,14929626,14919957,14107074,6761398,0,2,2,2,2,14929917,13525013,12533879,10914461,14929917,12884283,12318617,10791171
ciliako3_pt2_concat_maxproj_aligned_cropped.tif,ciliako3_pt2_concat_maxproj_aligned_cropped-all-spots.csv,ciliako3,240124,assess,0,2,2,egfp,spy + something,nt-3,I don't think this has anythin in tritc?,jammed,clean,clean,,rotary,rotary,60,60,yes,cw,n,,midsizecomet,,comet,5,,,,,,,,,243827619.4,261846829.4,2.53E+08,0,4179,579,220,88,11,0,1.86659371,0.924509702,15039805,15039179,15028166,14176665,6846609,0,2,2,2,2,15039805,13439284,12417633,10532808,15039805,12726796,12111514,10179004
ciliako3_pt3_concat_maxproj_aligned_cropped.tif,ciliako3_pt3_concat_maxproj_aligned_cropped-all-spots.csv,ciliako3,240124,assess,0,3,2,egfp,spy + something,dnah5-1,looks intensely ruffled,jammed,clean,clean,,rotary,rotary,52,60,no,,n,,diffuse,,diffuse,4,,,,,,,,,50459955.55,51234436.48,5.08E+07,0,4061,1021,383,110,13,0,2.852120323,1.94234164,14602977,14602865,14585404,13196120,4751785,0,2,2,2,2,14602977,13247059,12408446,10371926,14602977,12769260,12353536,10953476
ciliako3_pt4_concat_maxproj_aligned_cropped.tif,ciliako3_pt4_concat_maxproj_aligned_cropped-all-spots.csv,ciliako3,240124,assess,0,4,2,egfp,spy + something,dnah5-1,,edge,edgefurrow,clean,,rotary,rotary,59,60,no,cw,n,,diffuse,,diffuse,3,,,,,,,,,60725382.56,57930653.26,5.93E+07,0,4144,758,442,163,31,0,2.477179323,1.041309938,14929917,14929427,14914596,13758394,5410382,0,2,2,2,2,14929917,13445146,12449629,10029075,14929917,12741723,12350372,10992078
ciliako3_pt5_concat_maxproj_aligned_cropped.tif,ciliako3_pt5_concat_maxproj_aligned_cropped-all-spots.csv,ciliako3,240124,assess,0,5,3,egfp,spy + something,cypa-2,,unjammed,edgefurrow,clean,,rotary,rotary,60,60,yes,cw,n,,littlecomet,,comet,2,,,,,,,,,66531230.6,70372690.28,6.85E+07,0,4152,4037,3322,1368,371,21,11.76020899,9.605412061,14929917,14929068,14919732,14424012,9063756,0,22,1,1,1,14929917,13473584,12034232,8771022,14929917,12651480,11666901,9112957
ciliako3_pt6_concat_maxproj_fr_aligned_cropped.tif,ciliako3_pt6_concat_maxproj_fr_aligned_cropped-all-spots.csv,ciliako3,240124,assess,0,6,3,egfp,spy + something,cypa-2,also intensely ruffled,unjammed,clean,clean,,rotary,rotary,60,60,yes,cw,n,,diffuse,,diffuse,0,,,,,,,,,137270994.9,136815507.2,1.37E+08,0,4155,1329,543,95,9,0,3.014248358,1.804973586,14929917,14929852,14907312,13278334,4739553,0,1,2,23,23,14929917,13187235,11958257,7688996,14929917,12554289,11790602,9171932
ciliako3_pt7_concat_maxproj_aligned_cropped.tif,ciliako3_pt7_concat_maxproj_aligned_cropped-all-spots.csv,ciliako3,240124,assess,0,7,3,egfp,spy + something,nt-3,intense ruffles at the edge,edge,clean,clean,,rotary,rotary.2,60,60,yes,,n,,mock,,mock,0,,,,,,,,,37487480.24,37152729.53,3.73E+07,0,4150,1072,497,135,17,0,2.820088638,1.541979106,14929917,14929836,14920301,14037037,6867525,0,1,1,2,2,14929917,13308926,12359686,10845701,14929917,12434354,12160157,11118305
ciliako3_pt8_concat_maxproj_aligned_cropped.tif,ciliako3_pt8_concat_maxproj_aligned_cropped-all-spots.csv,ciliako3,240124,assess,0,8,3,egfp,spy + something,nt-3,,jammed,clean,clean,,rotary,rotary,60,60,yes,ccw,n,,diffuse,,diffuse,3,,,,,,,,,67704524.91,70150401.02,6.89E+07,0,3982,773,261,70,17,0,2.116201382,1.083470607,14333305,14333264,14322981,13238160,5822317,0,1,2,2,2,14333305,13047914,12321110,9445148,14333305,12665917,12171067,9953656
ciliako3_pt9_concat_maxproj_aligned_cropped.tif,ciliako3_pt9_concat_maxproj_aligned_cropped-all-spots.csv,ciliako3,240124,assess,0,9,3,egfp,spy + something,dnah5-1,,jammed,edgefurrow,clean,,rotary,rotary,60,60,yes,,n,,diffuse,,diffuse,14,,,,,,,,,11684309.19,13446779.32,1.26E+07,0,4140,980,321,118,15,0,2.755438989,1.881038541,14929917,14928542,14912782,13901517,6248572,0,2,2,2,2,14929917,13223545,12395534,8914738,14929917,12753027,12356813,10453871
ciliako3_pt10_concat_maxproj_aligned_cropped.tif,ciliako3_pt10_concat_maxproj_aligned_cropped-all-spots.csv,ciliako3,240124,assess,0,10,3,egfp,spy + something,dnah5-1,looks #bad,jammed,clean,clean,,rotary,rotary,60,60,yes,cw,n,,diffuse,,diffuse,8,,,,,,,,,44338347.71,44123782,4.42E+07,0,4179,839,437,189,24,0,2.770950422,1.556484647,15039805,15038787,15020870,13696973,5189975,0,2,2,2,2,15039805,13352545,12301349,8752779,15039805,12591439,12221725,10464999
ciliako3_pt11_concat_maxproj_aligned_cropped.tif,ciliako3_pt11_concat_maxproj_aligned_cropped-all-spots.csv,ciliako3,240124,assess,0,11,3,egfp,spy + something,dnai1-2,maybe a shadow of mucus motion in cy5? But honestly cannot be sure. Truly disgusting plaque morph.,jammed,pointycrypts,clean,,,,,60,,,n,,plaque-littlecomet,,comet,2,,,,,,,,,30886590.54,29638999.15,3.03E+07,0,4069,2750,406,110,17,1,4.213350234,3.77451338,14657157,14657145,14645951,13411817,5133333,0,1,1,1,1,14657157,13147864,12414949,9921198,14657157,12765456,12415133,11303962
ciliako3_pt12_concat_maxproj_aligned_cropped.tif,ciliako3_pt12_concat_maxproj_aligned_cropped-all-spots.csv,ciliako3,240124,assess,0,12,3,egfp,spy + something,dnai1-2,,jammed,pointycrypts,clean,,rotary,rotary,60,60,yes,ccw,n,,midsizecomet,,comet,4,,,,,,,,,91434419.09,84608378.23,8.80E+07,0,4132,897,356,160,27,0,3.176778328,2.324501008,14875321,14875301,14857683,13307469,4565209,0,2,2,2,2,14875321,13238533,12396932,9651353,14875321,12719635,12364144,11033742
multitest_pt1_concat_aligned_cropped.tif,multitest_pt1_concat_aligned_cropped-all-spots.csv,multitest,230815,assess,1,1,8,egfp,spy + nuc,vanilla,rinsed betw frames 110 and 111,unjammed,furrows,clean,no,rotary,rotary,50,146,no,cw,n,,diffuse,,diffuse,,,,,,,,,,nd,nd,nd,1,3839,1808,462,141,7,5,3.76948266,2.893899298,13801569,455699,310686,221732,173712,0,36,36,24,24,13801569,5533048,1065385,116789,13801569,10287451,7202921,1271765
multitest_pt2_concat_aligned_cropped.tif,multitest_pt2_concat_aligned_cropped-all-spots.csv,multitest,230815,assess,1,2,8,egfp,spy + nuc,vanilla,,unjammed,furrows,clean,no,rotary,rotary,90,146,no,cw,y,,diffuse-comet,,diffuse,29,,,,,,,,,nd,nd,nd,1,4141,3240,1865,703,210,23,8.088667792,5.326709871,14929917,791484,487763,121121,51155,0,0,0,0,36,14929917,4157190,636225,50173,14929917,8908608,4631769,576281
multitest_pt3_concat_aligned_cropped.tif,multitest_pt3_concat_aligned_cropped-all-spots.csv,multitest,230815,assess,1,3,8,egfp,spy + jac,jacalin,,edge,clean,densecysts,no,rotary,rotary,68,146,no,cw,y,,diffuse-comet,,diffuse,,,,,,,,,,nd,nd,nd,1,4299,965,383,149,13,5,2.867189749,1.729160192,15482941,692843,424565,269176,202660,0,36,36,36,28,15482941,384,17,0,15482941,3094987,1180269,175606
multitest_pt4_concat_aligned_cropped.tif,multitest_pt4_concat_aligned_cropped-all-spots.csv,multitest,230815,assess,1,4,8,mock,spy + nuc,vanilla,,edge,clean,densecysts,mock,rotary,rotary,110,146,no,,,,mock,,mock,0,,,,,,,,,nd,nd,nd,1,4245,1695,1247,846,221,10,6.309295781,2.070996016,15260513,929089,537541,110359,5712,0,1,1,0,0,15260513,6132843,1397433,188079,15260212,11926428,9198438,2150323
multitest_pt5_concat_aligned_cropped.tif,multitest_pt5_concat_aligned_cropped-all-spots.csv,multitest,230815,assess,1,5,8,mock,spy + nuc,vanilla,scratched this one at 60,edge,clean,densecysts,mock,rotary,rotary,110,146,no,,,,mock,,mock,0,,,,,,,,,nd,nd,nd,1,4181,1704,617,81,15,6,3.576324129,2.409887655,15039805,766547,433128,101496,3865,1,0,0,0,0,15039805,6882132,1086484,70852,15039805,11752711,9333954,2175230
multitest_pt6_concat_aligned_cropped.tif,multitest_pt6_concat_aligned_cropped-all-spots.csv,multitest,230815,assess,1,6,7,egfp,spy + nuc,vanilla,,edge,edgefurrow,clean,no,rotary,rotary.2,65,146,no,,,,diffuse,,diffuse,9,,,,,,,,,nd,nd,nd,1,4208,2290,1004,462,93,2,5.353476772,3.177778854,15149977,1321321,868573,544448,417226,0,36,36,43,43,15149977,5045289,315357,5346,15149977,11912255,8998881,1134476
multitest_pt7_concat_aligned_cropped.tif,multitest_pt7_concat_aligned_cropped-all-spots.csv,multitest,230815,assess,1,7,7,egfp,spy + nuc,vanilla,,edge,edgefurrow,clean,no,rotary,rotary,67,146,no,,,,diffuse,,diffuse,20,,,,,,,,,nd,nd,nd,1,3903,3873,3208,128,4,1,7.828239485,7.808707521,14079732,1461813,1185103,851695,656018,0,48,48,48,46,14079732,4640194,385819,11340,14079732,11671176,8109041,798944
multitest_pt8_concat_aligned_cropped.tif,multitest_pt8_concat_aligned_cropped-all-spots.csv,multitest,230815,assess,1,8,7,mock,spy + nuc,vanilla,,edge,clean,clean,mock,rotary,rotary.2,110,146,no,,,,mock,,mock,4,,,,,,,,,nd,nd,nd,1,3944,3346,183,23,1,0,3.719259563,3.515089197,14226249,389082,141397,14286,211,0,0,0,0,0,14226249,6368618,672810,4006,14226028,11827433,9638534,2165068
multitest_pt9_concat_aligned_cropped.tif,multitest_pt9_concat_aligned_cropped-all-spots.csv,multitest,230815,assess,1,9,7,mock,spy + nuc,vanilla,also scratched. You can see cells apoptosing and giving up th eghost (spytub),jammed,edgefurrow,clean,mock,rotary,rotary,42,146,no,,,,mock,,mock,0,,,,,,,,,nd,nd,nd,1,4255,2844,513,106,15,0,4.131943222,3.439648826,15315997,888069,458618,102579,1599,0,0,0,0,0,15315997,4106351,338553,10101,15315997,11451664,7602139,644526
mb_d1d9_pt1_aligned_cropped.tif,d1d9_pt1.csv,d1d9,230415,assess,1,1,1,egfp,spy + nuc,vanilla,,unjammed,furrows,cysts,some,rotary,rotary   ,43,60,no,ccw,y,y,midsizecomet,4,comet,19,27,12027,52,1322118,0.100134,56,,,5.00E+07,5.55E+07,5.28E+07,1,4295,1945,1180,686,173,13,5.931156149,2.368221952,15819489,2377761,1944142,1516202,1322118,0,56,56,56,56,15819489,6366610,2160144,486929,15819489,9596987,5547986,1358916
mb_d1d9_pt2_aligned_cropped.tif,d1d9_pt2.csv,d1d9,230415,assess,1,2,1,egfp,spy + nuc,vanilla,,unjammed,furrows,cysts,yes,disorganized,disorganized,40,60,no,na,,,midsizecomet,4,comet,12,25,8911,59,898975,0.068086,56,,,5.14E+07,5.29E+07,5.22E+07,1,4255,2494,1168,516,78,7,5.668068718,3.601471381,15315997,1690165,1350210,1034206,898975,0,56,56,56,56,15315997,5634560,1967661,487373,15315997,9099462,4646798,1208298
mb_d1d9_pt3_aligned_cropped.tif,d1d9_pt3.csv,d1d9,230415,assess,1,3,1,egfp,spy + nuc,vanilla,,unjammed,furrows,cysts,yes,disorganized,disorganized,16,60,no,na,,,littlecomet,3,comet,46,79,12383,59,1309381,0.099169,56,,,8.68E+07,8.84E+07,8.76E+07,1,4366,4144,2470,993,446,3,10.13378519,6.267603157,15782577,2379072,1978472,1530981,1308235,5,56,56,56,56,15781057,5964536,1925733,383752,15781125,9084732,5298626,1042482
mb_d1d9_pt4_aligned_cropped.tif,d1d9_pt4.csv,d1d9,230415,assess,1,4,1,mock,spy + nuc,vanilla,looks like it might be infected...,unjammed,furrows,cysts,mock,disorganized,disorganized,60,60,yes,,,,mock,0,mock,0,0,,,15041,0.001139,0,,,undetermined,undetermined,undetermined,1,4207,3799,2964,1250,669,397,16.00697924,7.81428393,15149977,612568,362414,115728,14213,0,0,0,2,0,15149977,6361026,2326458,519521,15149977,9217526,5489595,1252358
mb_d1d9_pt5_aligned_cropped.tif,d1d9_pt5.csv,d1d9,230415,assess,1,5,1,mock,spy + nuc,vanilla,,unjammed,furrows,cysts,mock,rotary,rotary   ,60,60,yes,,,,mock,0,mock,2,0,,,305,2.31E-05,0,,,undetermined,undetermined,undetermined,1,4388,1712,792,465,211,20,5.418755512,2.575819341,15814581,411323,162797,16794,76,24,0,0,0,0,15811839,7569247,2537570,530216,15810727,10440445,6536367,1346115
mb_d1d9_pt6_aligned_cropped.tif,d1d9_pt6.csv,d1d9,230415,assess,1,6,1,mock,spy + nuc,vanilla,,unjammed,furrows,cysts,mock,rotary,rotary   ,60,60,yes,,,,mock,0,mock,0,0,,,24350,0.001844,0,,,undetermined,undetermined,undetermined,1,3790,1454,769,399,109,10,4.676913223,2.209811795,13663821,108318,36972,2127,40,0,1,1,1,0,13663821,7128384,2377201,368641,13663821,10212465,6292451,1306332
mb_d1d9_pt7_aligned_cropped.tif,d1d9_pt7.csv,d1d9,230415,assess,1,7,9,egfp,spy + nuc,vanilla,,unjammed,furrows,cysts,yes,rotary,rotary,60,60,yes,,,,bigcomet,5,comet,7,7,21829,59,2637371,0.199747,59,,,2.05E+07,2.08E+07,2.07E+07,1,4088,3809,2010,1013,535,78,10.99751094,5.925335718,14711657,3699158,3341565,2876502,2637371,0,59,59,59,59,14711657,9424287,3875050,510824,14711657,11296680,8247318,1643203
mb_d1d9_pt8_aligned_cropped.tif,d1d9_pt8.csv,d1d9,230415,assess,1,8,9,egfp,spy + nuc,vanilla,,unjammed,furrows,cysts,yes,rotary,rotary   ,60,60,yes,,,,midsizecomet,4,comet,8,10,2306,59,205524,0.015566,59,,,2.42E+07,2.43E+07,2.43E+07,1,4036,3031,1114,377,127,3,6.098495918,4.466468438,14549176,510645,386324,250929,205507,0,59,59,59,59,14549176,8785074,3995529,366245,14549176,10517143,7635653,1710690
mb_d1d9_pt9_aligned_cropped.tif,d1d9_pt9.csv,d1d9,230415,assess,1,9,9,egfp,spy + nuc,vanilla,,unjammed,furrows,cysts,yes,disorganized,disorganized,30,60,no,,,,bigcomet,5,comet,8,10,7845,59,864424,0.065469,59,,,2.59E+07,2.84E+07,2.72E+07,1,4274,4101,3747,2334,772,124,16.22053939,12.64635461,15371505,1575707,1290735,968797,864421,0,59,59,59,59,15371505,8620207,4472898,886137,15371505,9991096,7378641,1776908
mb_d1d9_pt10_aligned_cropped.tif,d1d9_pt10.csv,d1d9,230415,assess,1,10,9,mock,spy + nuc,vanilla,blighted- really patchy ciliation,hypermobile,furrows,cysts,mock,disorganized,disorganized,56,60,no,,,,mock,0,mock,3,0,,,2619,0.000198,0,,,undetermined,undetermined,undetermined,1,4305,4126,3685,2423,968,80,16.68108197,13.04823768,15594613,732741,404662,57018,656,24,0,0,0,0,15590588,2568615,1221945,440728,15565933,4810552,2076719,823593
mb_d1d9_pt11_aligned_cropped.tif,d1d9_pt11.csv,d1d9,230415,assess,1,11,9,mock,spy + nuc,vanilla,,unjammed,furrows,cysts,mock,rotary,rotary   ,60,60,yes,,,,mock,0,mock,0,0,,,28878,0.002187,0,,,undetermined,undetermined,undetermined,1,3731,3546,3168,2796,2264,1091,35.61068418,31.8581536,13683560,176138,76863,9582,153,0,0,2,2,0,13683560,8581388,3919150,496743,13683560,10545561,7003760,1200417
mb_d1d9_pt12_aligned_cropped.tif,d1d9_pt12.csv,d1d9,230415,assess,1,12,9,mock,spy + nuc,vanilla,blighted- really patchy ciliation,hypermobile,furrows,cysts,mock,disorganized,disorganized,19,60,no,,,,mock,0,mock,7,0,,,86515,0.006552,0,,,undetermined,undetermined,undetermined,1,3801,3797,3772,3673,3180,2307,65.35750448,63.04704987,13696313,294603,99085,15485,668,0,0,0,1,0,13696313,5426154,2084535,276420,13696313,7102444,3655116,625167
mb_d4shake_pt1_concat_aligned_cropped.tif,d4shake_pt1.csv,d4shake,230410,assess,1,1,4,egfp,spy + nuc,static,,unjammed,pointycrypts,clean,no,rotary,ball,36,60,no,,,,bigcomet,5,comet,20,29,,,1629085,0.123382,58,,,1.73E+08,1.78E+08,1.76E+08,1,4256,3639,2193,831,217,5,8.515858041,6.144879314,15315997,2652959,2271066,1826048,1629085,0,58,58,58,58,15315997,12487789,11930022,8468580,15315997,12645685,12273027,10375502
mb_d4shake_pt2_concat_aligned_cropped.tif,d4shake_pt2.csv,d4shake,230410,assess,1,2,4,egfp,spy + nuc,static,beautiful,edge,pointycrypts,clean,no,rotary,ball,53,60,no,,,,diffuse,7,diffuse,58,96,,,2051057,0.155341,55,,,2.04E+08,2.17E+08,2.11E+08,1,4173,858,429,147,29,9,2.837638903,1.46730406,15039805,3364137,2946403,2390040,2049339,0,55,55,55,55,15039805,12438238,12043591,8525838,15039805,12484630,12190346,10398596
mb_d4shake_pt3_concat_aligned_cropped.tif,d4shake_pt3.csv,d4shake,230410,assess,1,3,4,egfp,spy + nuc,static,even better and good nucview,unjammed,pointycrypts,clean,no,rotary,ball,43,60,no,,,,diffuse  ,7,diffuse,116,74,,,2102948,0.159272,48,,,2.22E+08,2.23E+08,2.23E+08,1,4328,2281,1206,372,89,3,5.245280164,3.21560843,15594613,3797056,3226684,2540564,2102948,0,48,48,48,48,15594613,12344391,11797295,7219606,15594613,12451077,12111894,9804348
mb_d4shake_pt4_concat_aligned_cropped.tif,d4shake_pt4.csv,d4shake,230410,assess,1,4,4,mock,spy + nuc,static,,edge,edgefurrow,clean,mock,rotary,ball,59,59,yes,,,,mock,0,mock,2,0,,,7931,0.000601,0,,,undetermined,undetermined,undetermined,1,4241,883,547,304,51,13,3.47801198,1.485215307,15260513,764259,496882,117650,6986,0,3,3,0,0,15260513,12291909,11821994,7709816,15260513,12362010,12062155,9680739
mb_d4shake_pt5_concat_aligned_cropped.tif,d4shake_pt5.csv,d4shake,230410,assess,1,5,4,mock,spy + nuc,static,,edge,edgefurrow,clean,mock,rotary,ball,59,59,yes,,,,mock,0,mock,0,0,,,6592,0.000499,0,,,undetermined,undetermined,undetermined,1,4195,1344,561,164,24,4,3.485132354,2.294358513,15094805,606027,388680,88919,5515,0,0,0,0,0,15094805,12402411,11938782,8284742,15094805,12495099,12152305,10232752
mb_d4shake_pt6_concat_aligned_cropped.tif,d4shake_pt6.csv,d4shake,230410,assess,1,6,4,mock,spy + nuc,static,,jammed,pointycrypts,clean,mock,rotary,ball,59,59,yes,,,,mock,0,mock,1,0,,,5534,0.000419,0,,,undetermined,undetermined,undetermined,1,4196,1047,462,148,18,0,3.026694022,1.872759489,15094805,648938,398326,123618,5289,0,2,2,2,0,15094805,12463663,12099166,8166807,15094805,12548925,12262181,10449101
mb_d4shake_pt7_concat_aligned_cropped.tif,d4shake_pt7.csv,d4shake,230410,assess,1,7,4,egfp,spy + nuc,shaken,nv might be good for vid if normalized,unjammed,furrows,clean,no,rotary,ball,54,59,no,,,,diffuse,7,diffuse,70,97,,,1059998,0.080281,54,,,1.54E+08,1.74E+08,1.64E+08,1,4144,1616,823,257,46,1,4.07125527,2.136660723,14929917,2452061,1956439,1372138,1059995,0,51,51,51,54,14929917,12131468,9929669,1905050,14929917,12421155,11673300,5741346
mb_d4shake_pt8_concat_aligned_cropped.tif,d4shake_pt8.csv,d4shake,230410,assess,1,8,4,egfp,spy + nuc,shaken,,unjammed,furrows,clean,no,rotary,ball,57,59,no,,,,diffuse,7,diffuse,35,35,,,1067590,0.080856,55,,,1.34E+08,1.48E+08,1.41E+08,1,4322,3858,1476,645,186,1,7.406204023,4.974692349,15538697,2369095,1845945,1305648,1067589,0,55,55,55,55,15538697,12040236,9563694,1698389,15538697,12434517,11406633,5397682
mb_d4shake_pt9_concat_aligned_cropped.tif,d4shake_pt9.csv,d4shake,230410,assess,1,9,4,egfp,spy + nuc,shaken,really weird ball,unjammed,furrows,clean,some,rotary,ball,51,59,no,,,,diffuse,7,diffuse,53,78,,,1021307,0.077351,58,,,6.76E+07,7.37E+07,7.07E+07,1,3880,2404,1216,473,159,8,6.30791668,3.802745509,13960073,1729920,1524481,1208669,1017959,0,58,58,58,58,13960073,9839749,6031935,758138,13960073,11307632,9019528,2725764
mb_d4shake_pt10_concat_aligned_cropped.tif,d4shake_pt10.csv,d4shake,230410,assess,1,10,4,mock,spy + nuc,shaken,you can really zoom in and see cilia,edge,edgefurrow,clean,mock,rotary,ball,59,59,yes,,,,mock,0,mock,0,0,,,2562,0.000194,0,,,undetermined,undetermined,undetermined,1,4393,1701,780,178,24,1,3.485447026,1.979189762,15819489,766840,431476,83861,1709,0,0,2,1,0,15819489,12034365,9905169,2064267,15819489,12364827,11560498,5718361
mb_d4shake_pt11_concat_aligned_cropped.tif,d4shake_pt11.csv,d4shake,230410,assess,1,11,4,mock,spy + nuc,shaken,good for nv video,edge,edgefurrow,clean,mock,rotary,ball,59,59,yes,,,,mock,0,mock,1,0,,,17600,0.001333,0,,,undetermined,undetermined,undetermined,1,4377,3168,780,222,31,4,4.947947439,4.054808668,15763053,1255855,790677,247824,16755,0,0,0,0,0,15763053,11837660,9666930,2070122,15763053,12298630,11489870,5669656
mb_d4shake_pt12_concat_aligned_cropped.tif,d4shake_pt12.csv,d4shake,230410,assess,1,12,4,mock,spy + nuc,shaken,,jammed,clean,clean,mock,rotary,ball,59,59,yes,,,,mock,0,mock,1,0,,,20465,0.00155,0,,,undetermined,undetermined,undetermined,1,3936,426,171,59,12,0,1.689242989,0.934863034,14172757,329511,193057,33506,589,0,0,0,0,0,14172757,12058778,9917485,1783465,14172757,12407763,11711009,6319824
mb_d5d6_pt1_concat_aligned_cropped.tif,d5d6_pt1.csv,d5d6,230405,assess,1,1,5,egfp,spy + nuc,vanilla,branching comet,jammed,clean,cysts,some,rotary,ball,60,60,yes,,,,diffuse-comet,6,diffuse,2,2,,,546288,0.041374,49,,,1.44E+08,1.46E+08,1.45E+08,1,3975,1121,444,117,39,27,3.454312963,1.755580341,14313381,946187,821080,657631,546255,0,49,49,49,49,14313381,12150083,11126726,4242198,14313381,12302363,11758498,6789499
mb_d5d6_pt2_concat_aligned_cropped.tif,d5d6_pt2.csv,d5d6,230405,assess,1,2,5,egfp,spy + nuc,vanilla,mucus was not mobile in the edges where the foci were; strong contender for lots of non reporter virus (ruffled cilia under mucus disc),jammed,clean,cysts,no,rotary,ball,45,60,no,,,,plaque-littlecomet,2,plaque,3,4,,,22683,0.001718,0,,,9.82E+07,1.02E+08,1.00E+08,1,4072,1021,368,168,50,7,3.556268492,2.342307256,14657157,299081,134371,22180,17038,0,0,0,0,49,14657157,12093662,10563487,3005290,14657157,12276421,11462148,5539321
mb_d5d6_pt3_concat_aligned_cropped.tif,d5d6_pt3.csv,d5d6,230405,assess,1,3,5,egfp,spy + nuc,vanilla,could be a good mucus vid in infected if normalized,jammed,clean,cysts,some,rotary,ball,47,60,no,,,,diffuse,7,diffuse,5,3,,,1361765,0.103136,42,,,1.65E+08,1.73E+08,1.69E+08,1,4397,3802,2979,577,40,10,8.187923599,8.059486107,15819489,2593464,2145719,1637233,1361765,0,41,42,42,42,15819489,12175940,10741193,2360946,15819489,12342845,11599208,5223158
mb_d5d6_pt4_concat_aligned_cropped.tif,d5d6_pt4.csv,d5d6,230405,assess,1,4,5,mock,spy + nuc,vanilla,,jammed,clean,cysts,mock,rotary,ball,60,60,yes,,,,mock,0,mock,0,0,,,76,5.76E-06,0,,,undetermined,undetermined,undetermined,1,4213,1696,777,208,49,33,4.536743777,2.3057163,15149977,444819,208322,17253,52,0,0,0,0,0,15149977,12202646,10728940,3176200,15149977,12400050,11806392,6024410
mb_d5d6_pt5_concat_aligned_cropped.tif,d5d6_pt5.csv,d5d6,230405,assess,1,5,5,mock,spy + nuc,vanilla,,edge,edgefurrow,cysts,mock,rotary,ball,60,60,yes,,,,mock,0,mock,0,0,,,2152,0.000163,0,,,undetermined,undetermined,undetermined,1,4214,860,421,213,80,24,3.301850567,1.314609275,15149977,586531,305400,55826,2133,0,0,0,0,0,15149977,12182752,11002268,4128302,15149977,12370598,11727656,6698495
mb_d5d6_pt6_concat_aligned_cropped.tif,d5d6_pt6.csv,d5d6,230405,assess,1,6,5,mock,spy + nuc,vanilla,got schmutz,jammed,clean,cysts,mock,rotary,ball,60,60,yes,,,,mock,0,mock,0,3,,,3144,0.000238,0,,,undetermined,undetermined,undetermined,1,4146,1602,577,179,46,30,4.327610294,2.414078757,14929917,500938,261979,42287,2495,0,0,0,0,0,14929917,12115601,10828332,3973445,14929917,12344609,11798923,7054578
mb_d5d6_pt7_concat_aligned_cropped.tif,d5d6_pt7.csv,d5d6,230405,assess,1,7,6,egfp,spy + nuc,vanilla,crunkly; awful awful very bad terrible no good crypts,jammed,clean,densecysts,yes,disorganized,disorganized,60,60,yes,,,,crypt,8,crypt,9,10,,,1275132,0.096575,49,,,3.77E+07,3.81E+07,3.79E+07,1,4181,507,319,177,38,1,2.031633917,0.736492326,15039805,2131498,1810244,1483725,1275132,0,49,49,49,49,15039805,12486307,10897700,5467075,15039805,12714179,12446832,8908077
mb_d5d6_pt8_concat_aligned_cropped.tif,d5d6_pt8.csv,d5d6,230405,assess,1,8,6,egfp,spy + nuc,vanilla,crunkly; awful awful very bad terrible no good crypts,jammed,clean,densecysts,yes,disorganized,disorganized,60,60,yes,,,,crypt,8,crypt,9,11,,,2111107,0.159889,49,,,3.74E+07,3.90E+07,3.82E+07,1,4332,659,443,247,51,5,2.516603976,0.802896301,15594613,3042642,2679372,2326395,2111107,0,49,49,49,49,15594613,12482673,11162939,5669127,15594613,12674524,12343417,9040567
mb_d5d6_pt9_concat_aligned_cropped.tif,d5d6_pt9.csv,d5d6,230405,assess,1,9,6,egfp,spy + nuc,vanilla,crunkly; awful awful very bad terrible no good crypts,jammed,clean,densecysts,yes,disorganized,disorganized,60,60,yes,,,,crypt,8,crypt,7,9,,,999931,0.075732,49,,,2.85E+07,3.06E+07,2.96E+07,1,4253,688,514,308,99,1,2.728384234,0.717109464,15315997,1792387,1477125,1174178,999931,0,49,49,49,49,15315997,12264054,10068324,4721557,15315997,12539445,12152915,7618217
mb_d5d6_pt10_concat_aligned_cropped.tif,d5d6_pt10.csv,d5d6,230405,assess,1,10,6,mock,spy + nuc,vanilla,crunkly; awful awful very bad terrible no good crypts,jammed,clean,densecysts,mock,disorganized,disorganized,60,60,yes,,,,mock,0,mock,2,0,,,0,0,0,,,undetermined,undetermined,undetermined,1,4195,596,436,233,66,4,2.502517117,0.828785155,15094805,498615,264787,19101,0,0,0,0,0,0,15094805,12526429,10997466,4798480,15094805,12674719,12381112,8705680
mb_d5d6_pt11_concat_aligned_cropped.tif,d5d6_pt11.csv,d5d6,230405,assess,1,11,6,mock,spy + nuc,vanilla,crunkly; awful awful very bad terrible no good crypts,jammed,clean,densecysts,mock,disorganized,disorganized,60,60,yes,,,,mock,0,mock,1,0,,,284,2.15E-05,0,,,undetermined,undetermined,undetermined,1,4298,702,485,243,63,17,2.680719886,0.787686549,15482941,536187,283918,34276,281,0,0,0,0,0,15482941,12464713,10614661,4787272,15482941,12709773,12322810,8386667
mb_d5d6_pt12_concat_aligned_cropped.tif,d5d6_pt12.csv,d5d6,230405,assess,1,12,6,mock,spy + nuc,vanilla,crunkly; awful awful very bad terrible no good crypts,jammed,clean,densecysts,mock,rotary,rotary   ,60,60,yes,,,,mock,0,mock,0,0,,,11609,0.000879,0,,,undetermined,undetermined,undetermined,1,4256,659,432,225,37,10,2.657333267,0.958966971,15315997,868819,591348,168376,11198,0,1,1,1,0,15315997,12533466,10737644,4743304,15315997,12727249,12301626,7976830
mb_d2shake_pt1_concat_aligned_cropped.tif,d2shake_pt1.csv,d2shake,230331,assess,1,1,2,egfp,spy + nuc,static,,unjammed,furrows,cysts,yes,disorganized,disorganized,61,61,yes,,,,midsizecomet,4,comet,3,7,,,893574,0.067677,60,,,3.60E+07,3.89E+07,3.75E+07,1,4266,1517,470,313,155,6,4.558775174,2.771187493,15371505,1308731,1118556,966573,887569,0,60,60,60,60,15371505,3681586,627428,109601,15371505,6222971,1638617,293604
mb_d2shake_pt2_concat_aligned_cropped.tif,d2shake_pt2.csv,d2shake,230331,assess,1,2,2,egfp,spy + nuc,static,crunkly nucview,unjammed,furrows,cysts,yes,disorganized,disorganized,61,61,yes,,,,midsizecomet,4,comet,7,20,,,813514,0.061613,60,,,4.00E+07,4.24E+07,4.12E+07,1,4202,4000,3322,1470,217,49,11.56355527,9.585524152,15149977,1535920,1270564,965211,813514,0,60,60,60,60,15149977,2889746,687377,147209,15149977,5830319,2029185,544803
mb_d2shake_pt3_concat_aligned_cropped.tif,d2shake_pt3.csv,d2shake,230331,assess,1,3,2,egfp,spy + nuc,static,mega crunkly nucview,unjammed,furrows,cysts,yes,disorganized,disorganized,61,61,yes,,,,midsizecomet,4,comet,3,8,,,440046,0.033328,60,,,5.83E+07,5.83E+07,5.83E+07,1,4257,1372,722,142,53,7,3.44816533,1.606452867,15371505,915105,704025,515042,438400,0,59,60,60,60,15371505,3030426,595459,99500,15371505,7026120,2601469,478744
mb_d2shake_pt4_concat_aligned_cropped.tif,d2shake_pt4.csv,d2shake,230331,assess,1,4,2,mock,spy + nuc,static,mega crunkly nucview,unjammed,furrows,cysts,mock,disorganized,disorganized,61,61,yes,,,,mock,0,mock,1,0,,,1205,9.13E-05,0,,,8.78E+04,1.31E+05,1.09E+05,1,4277,1830,824,370,150,7,4.618409708,2.403065826,15371505,577209,293837,42247,1163,0,3,3,0,0,15371505,4033577,1050781,209547,15371505,8264158,3808744,928771
mb_d2shake_pt5_concat_aligned_cropped.tif,d2shake_pt5.csv,d2shake,230331,assess,1,5,2,mock,spy + nuc,static,crunkly nucview; also counterclockwise??,edge,edgefurrow,densecysts,mock,rotary,ball,61,61,yes,,,,mock,0,mock,3,2,,,64,4.85E-06,0,,,2.89E+02,2.91E+02,2.90E+02,1,4367,1096,327,96,34,12,2.730950385,1.679972222,15762730,540213,239675,5901,21,12,1,1,3,1,15761933,3642684,936753,202470,15762499,6547734,2362663,640547
mb_d2shake_pt6_concat_aligned_cropped.tif,d2shake_pt6.csv,d2shake,230331,assess,1,6,2,mock,spy + nuc,static,crunkly,unjammed,furrows,clean,mock,rotary,ball,61,61,yes,,,,mock,0,mock,0,0,,,1069,8.10E-05,0,,,3.54E+03,3.75E+03,3.65E+03,1,4301,1548,984,648,406,175,7.53603487,1.667646919,15538697,449286,197595,14999,39,25,2,2,3,0,15527291,3196239,667750,91216,15521711,6442177,2356534,407527
mb_d2shake_pt7_concat_aligned_cropped.tif,d2shake_pt7.csv,d2shake,230331,assess,1,7,2,egfp,spy + nuc,shaken,"crunkly nucview, started moving around 48 hpi",unjammed,furrows,clean,yes,rotary,rotary.late,61,61,yes,,,,littlecomet-crypt,3,comet,3,5,,,253603,0.019207,60,,,2.18E+07,2.28E+07,2.23E+07,1,4251,1161,238,27,4,0,2.569628341,2.187669673,15371505,444319,300171,273403,253603,12,0,60,60,60,15363312,3311240,462675,92717,15371505,6803981,1932024,259027
mb_d2shake_pt8_concat_aligned_cropped.tif,d2shake_pt8.csv,d2shake,230331,assess,1,8,2,egfp,spy + nuc,shaken,"lil crunkly, faint movement until like 30. big ol deciliated patch. Maybe good for nv video of disorganized mucus?",unjammed,furrows,clean,some,disorganized,disorganized,61,61,yes,,,,littlecomet  ,3,plaque,3,3,,,11692,0.000886,60,,,2.21E+07,2.40E+07,2.31E+07,1,3991,3920,3379,1379,395,114,13.34834339,9.027936291,14387181,325515,193937,50629,11692,0,1,1,0,60,14387181,2914370,665758,159806,14387181,5338144,1758353,462750
mb_d2shake_pt9_concat_aligned_cropped.tif,d2shake_pt9.csv,d2shake,230331,assess,1,9,2,egfp,spy + nuc,shaken,"lil crunkly, didn't actually start moving until like 20",unjammed,furrows,clean,no,rotary,rotary.late,61,61,yes,,,,plaque-littlecomet,2,plaque,2,8,,,56555,0.004283,60,,,1.95E+07,2.06E+07,2.01E+07,1,4368,1887,264,34,10,3,3.184577287,2.770377974,15763053,799191,382465,65706,56555,0,0,0,60,60,15763053,4137871,556274,123607,15763053,8609665,3382233,393408
mb_d2shake_pt10_concat_aligned_cropped.tif,d2shake_pt10.csv,d2shake,230331,assess,1,10,2,mock,spy + nuc,shaken,mega crunkly nucview,unjammed,furrows,clean,mock,disorganized,disorganized,61,61,yes,,,,mock,0,mock,1,0,,,1275,9.66E-05,0,,,undetermined,undetermined,undetermined,1,4305,2074,1193,495,157,4,5.584446688,2.865100442,15482941,770326,399018,51791,460,0,0,0,0,0,15482941,5234485,972975,136847,15482941,8623991,3932441,514373
mb_d2shake_pt11_concat_aligned_cropped.tif,d2shake_pt11.csv,d2shake,230331,assess,1,11,2,mock,spy + nuc,shaken,crunkly,edge,furrows,clean,mock,disorganized,disorganized,61,61,yes,,,,mock,0,mock,1,0,,,9538,0.000722,0,,,undetermined,undetermined,undetermined,1,4396,710,185,55,18,11,2.446026496,1.693183835,15819489,925324,473282,109932,9202,0,0,0,0,0,15819489,4622597,651117,97502,15819489,8358292,3192700,266340
mb_d2shake_pt12_concat_aligned_cropped.tif,d2shake_pt12.csv,d2shake,230331,assess,1,12,2,mock,spy + nuc,shaken,crunkly,unjammed,furrows,clean,mock,rotary,rotary,61,61,yes,,,,mock,0,mock,0,0,,,83,6.29E-06,0,,,undetermined,undetermined,undetermined,1,4120,1265,289,84,15,3,3.042502084,2.35661125,14820661,428191,160012,8207,18,0,2,0,2,0,14820661,3955953,617193,140923,14820661,7752778,3028893,371282
mb_d7d8_pt1_concat_aligned_cropped.tif,d7d8_pt1.csv,d7d8,230322,assess,1,1,7,egfp,spy + nuc,vanilla,dosen't spread after rinse,edge,furrows,cysts,yes,rotary,ball,60,81,yes,,,,diffuse,7,diffuse,4,6,23576,72,1873633,0.141904,60,,,5.37E+07,5.85E+07,5.61E+07,1,3941,2272,918,225,42,6,4.840055571,3.440493111,14353641,3499869,2969769,2278409,1873631,0,62,62,61,60,14353641,12506654,11698964,6295431,14353641,12669424,12216633,9150959
mb_d7d8_pt2_concat_aligned_cropped.tif,d7d8_pt2.csv,d7d8,230322,assess,1,2,7,egfp,spy + nuc,vanilla,spreads after rinse,edge,furrows,cysts,some,rotary,ball,59,81,no,,,,diffuse,7,diffuse,10,15,15354,73,913857,0.069213,60,,,5.06E+07,5.40E+07,5.23E+07,1,4072,1776,436,130,24,6,3.706709429,2.691200435,14889076,1950359,1586750,1136882,913857,0,60,60,60,60,14889076,12498635,11778743,5794717,14889076,12659793,12307397,9179593
mb_d7d8_pt3_concat_aligned_cropped.tif,d7d8_pt3.csv,d7d8,230322,assess,1,3,7,egfp,spy + nuc,vanilla,,unjammed,furrows,cysts,yes,disorganized,disorganized,48,81,no,,,,midsizecomet,4,comet,4,12,8214,69,714768,0.054135,65,,,3.06E+07,3.25E+07,3.16E+07,1,4388,2553,1638,786,219,23,7.149236558,3.769738327,15819489,1631433,1220104,865882,714768,66,60,60,65,65,15812422,12534085,11606182,5455637,15810002,12936639,12376667,9184776
mb_d7d8_pt4_concat_aligned_cropped.tif,d7d8_pt4.csv,d7d8,230322,assess,1,4,7,mock,spy + nuc,vanilla,,edge,edgefurrow,cysts,mock,rotary,ball,60,81,yes,,,,mock,0,mock,0,0,,,285,2.16E-05,0,,,undetermined,undetermined,undetermined,1,4315,1149,495,209,61,11,3.387720068,1.728212629,15538697,898844,494602,50737,192,0,0,0,0,0,15538697,12282215,11062963,4155097,15538697,12503420,11975957,7507092
mb_d7d8_pt5_concat_aligned_cropped.tif,d7d8_pt5.csv,d7d8,230322,assess,1,5,7,mock,spy + nuc,vanilla,,unjammed,furrows,cysts,mock,disorganized,disorganized,60,81,yes,,,,mock,0,mock,2,0,,,679,5.14E-05,0,,,undetermined,undetermined,undetermined,1,4242,2348,1272,582,234,42,6.699058946,3.428519609,15260513,560005,327417,41248,657,0,0,0,0,0,15260513,12396780,11025461,4123553,15260513,12606367,11853289,6912206
mb_d7d8_pt6_concat_aligned_cropped.tif,d7d8_pt6.csv,d7d8,230322,assess,1,6,7,mock,spy + nuc,vanilla,,unjammed,furrows,cysts,mock,disorganized,disorganized,60,81,yes,,,,mock,0,mock,7,0,,,2269,0.000172,0,,,undetermined,undetermined,undetermined,1,4384,2974,1711,676,195,15,7.055645708,4.675178959,15819489,1051219,651398,136340,2227,25,0,0,0,0,15817908,12139397,10479897,4394299,15816895,12322622,11271385,7819717
mb_d7d8_pt7_concat_aligned_cropped.tif,d7d8_pt7.csv,d7d8,230322,assess,1,7,8,egfp,spy + nuc,vanilla,merged littlecomets. No spread after rinse,unjammed,furrows,clean,no,disorganized,disorganized,12,81,no,,,,midsizecomet,4,comet,111,230,12305,53,852076,0.064534,51,,,5.83E+07,5.95E+07,5.89E+07,1,4383,2137,936,218,50,3,4.36969707,2.909668901,15819489,1522045,1247733,1008815,852076,24,47,48,51,51,15816907,12631797,11870335,6859971,15817499,12818219,12314456,9447210
mb_d7d8_pt8_concat_aligned_cropped.tif,d7d8_pt8.csv,d7d8,230322,assess,1,8,8,egfp,spy + nuc,vanilla,some spread after rinse,unjammed,furrows,clean,some,disorganized,disorganized,43,81,no,,,,littlecomet,3,comet,98,167,13177,73,546592,0.041397,56,,,1.22E+07,1.26E+07,1.24E+07,1,4361,2986,1978,1134,554,44,10.10475084,5.100451792,15811839,1780974,1308156,679566,546591,24,60,60,60,56,15793131,12247108,11112052,6102150,15806156,12479138,11634103,8517745
mb_d7d8_pt9_concat_aligned_cropped.tif,d7d8_pt9.csv,d7d8,230322,assess,1,9,8,egfp,spy + nuc,vanilla,,edge,furrows,cysts,some,rotary,ball,33,81,no,,,,bigcomet,5,comet,43,45,13910,59,1441275,0.109158,59,,,1.45E+08,1.58E+08,1.52E+08,1,4394,1098,526,276,53,2,3.389450907,1.728747749,15819489,2140072,1864620,1601052,1441275,0,59,59,59,59,15819489,12541089,12136612,7965460,15726545,12725059,12409309,10964995
mb_d7d8_pt10_concat_aligned_cropped.tif,d7d8_pt10.csv,d7d8,230322,assess,1,10,8,mock,spy + nuc,vanilla,,edge,furrows,cysts,mock,rotary,ball,60,81,yes,,,,mock,0,mock,0,0,,,556,4.21E-05,0,,,undetermined,undetermined,undetermined,1,4263,1563,611,277,61,4,4.095702159,2.574669153,15371505,520519,296840,27618,543,0,0,0,0,0,15371505,12697465,12299086,8701948,15368892,12816732,12497484,10613494
mb_d7d8_pt11_concat_aligned_cropped.tif,d7d8_pt11.csv,d7d8,230322,assess,1,11,8,mock,spy + nuc,vanilla,,edge,furrows,cysts,mock,disorganized,disorganized,38,81,no,,,,mock,0,mock,0,0,,,108,8.18E-06,0,,,undetermined,undetermined,undetermined,1,4308,1204,554,288,69,3,3.512912919,1.628828484,15482941,548631,262990,20523,95,0,0,0,0,0,15482941,12556377,12121815,8072826,15482941,12632889,12348327,9930631
mb_d7d8_pt12_concat_aligned_cropped.tif,d7d8_pt12.csv,d7d8,230322,assess,1,12,8,mock,spy + nuc,vanilla,,edge,furrows,cysts,mock,disorganized,disorganized,8,81,no,,,,mock,0,mock,3,0,,,98,7.42E-06,0,,,undetermined,undetermined,undetermined,1,4205,1340,477,192,29,1,3.2838504,2.001287223,15149977,549308,323048,69902,98,1,0,0,0,0,15149977,12601884,12244615,8843714,15148839,12757306,12439670,11140356
ciliako2_infected_pt1_max_aligned_cropped.tif,ciliako2_pt1.csv,ciliako2,230311,assess,1,1,3,egfp,spy + nuc,nt-3,ok,unjammed,furrows,cysts,yes,disorganized,disorganized,40,61,no,,,,,,,,,,,1905458,0.144314,57,,,1.07E+08,1.13E+08,1.10E+08,1,4256,3504,2882,2170,1169,209,16.8505825,12.3115054,15371505,3011055,2620061,2196127,1905220,0,57,57,60,57,15371505,13409331,13032819,12177003,15371505,13470418,13056800,12115284
,,ciliako2,230311,unusable,0,2,3,egfp,spy + nuc,cypa-2,Patches of undifferentiated cells. Leaky.,,,,,,,,,,,,,,,,,,,,,,,,,nd,nd,nd,1,,,,,,,,,,,,,,,,,,,,,,,,,,
ciliako2_infected_pt3_max_aligned_cropped.tif,ciliako2_pt3.csv,ciliako2,230311,assess,1,3,3,egfp,spy + nuc,dnah5-1,ok,unjammed,furrows,cysts,yes,disorganized,disorganized,,61,,,,,,,,,,,,770819,0.05838,60,,,6.78E+07,7.32E+07,7.05E+07,1,4057,3136,2692,2031,1404,396,19.30755048,11.95195224,14657157,1341397,1154808,929629,769832,0,60,60,60,60,14657157,13260531,12864674,11895014,14657157,13322964,12902477,11760465
,,ciliako2,230311,unusable,0,4,3,egfp,spy + nuc,dnah5-4,Patches of undifferentiated cells. Leaky.,,,,,,,,,,,,,,,,,,,,,,,,,nd,nd,nd,1,,,,,,,,,,,,,,,,,,,,,,,,,,
ciliako2_infected_pt5_max_aligned_cropped.tif,ciliako2_pt5.csv,ciliako2,230311,assess,1,5,3,egfp,spy + nuc,dnai1-2,ok,unjammed,crypts densecysts,densecysts,yes,disorganized,disorganized,,61,,,,,,,,,,,,299020,0.022647,60,,,3.22E+07,3.75E+07,3.49E+07,1,4194,1793,1035,478,126,11,5.147790198,2.355712259,15094805,558723,441813,346602,299020,0,23,60,60,60,15094805,13371228,12966288,12615236,15094805,13681727,13156226,12708466
,,ciliako2,230311,unusable,0,6,3,egfp,spy + nuc,dnai1-5,Nothing there. Think she got flooded.,,,,,,,,,,,,,,,,,,,,,,,,,nd,nd,nd,1,,,,,,,,,,,,,,,,,,,,,,,,,,
Aligned_MAX_agarosepatches_pt1_cropped.tif,agarosepatches_pt1.csv,agarosepatches,221021,assess,1,1,3,egfp,spy + nuc,vanilla,,unjammed,furrows,clean,some,rotary,ball,47,48,no,,,,diffuse,7,diffuse,107,44,,,705427,0.053427,47,,,nd,nd,nd,1,4331,2364,1316,511,157,41,6.183227478,3.348066608,15594613,2257852,1683079,1015603,704924,0,46,46,47,47,15594613,14189415,13728206,13014192,15594613,14107940,13612059,12912141
Aligned_MAX_agarosepatches_pt2_cropped.tif,agarosepatches_pt2.csv,agarosepatches,221021,assess,1,2,3,egfp,spy + nuc,agarose,,jammed,furrows,densecysts,yes,static,static,3,48,no,,,,crypt,8,crypt,44,44,,,1251794,0.094807,47,,,nd,nd,nd,1,4376,3574,1873,705,243,1,7.732120145,5.175680729,15819489,3129637,2441788,1633545,1250610,0,47,47,47,47,15819489,13880534,13526050,12898945,15819489,13864354,13437425,12875458
MAX_agarosepatches_pt3_cropped.tif,agarosepatches_pt3.csv,agarosepatches,221021,assess,1,3,4,egfp,spy + nuc,agarose,,unjammed,furrows,clean,some,static,static,5,48,no,,,,plaque,1,plaque,10,21,,,402361,0.030474,0,,,nd,nd,nd,1,4327,3529,2691,1442,456,0,10.63862511,8.209074367,15819489,1575738,1219519,487454,157380,0,0,0,0,0,15819489,13935806,13333573,12222592,15819489,13741732,12863664,11739181
Aligned_MAX_agarosepatches_pt4_cropped.tif,agarosepatches_pt4.csv,agarosepatches,221021,assess,1,4,4,egfp,spy + nuc,vanilla,,unjammed,furrows,clean,no,static,static,3,48,no,,,,plaque-littlecomet,2,plaque,261,309,,,504528,0.038212,47,,,nd,nd,nd,1,4363,3371,1623,891,419,139,9.457676937,4.37605895,15706805,1960593,1497037,866854,504344,0,47,47,47,47,15706805,13669015,13125999,12182134,15706805,13579902,13091608,12124946
na,,ciliako,220804,unusable,0,1,,egfp,spy + nuc,cypa-2,,,,,,,,,,,,,,littlecomet,,,,,,,216672,0.01641,6,,,nd,nd,nd,1,,,,,,,,,,,,,,,,,,,,,,,,,,
na,,ciliako,220804,unusable,0,2,,egfp,spy + nuc,ccdc39-1,,,,,,disorganized,disorganized,,,,,,,plaque,,,,,,,,,,,,nd,nd,nd,1,,,,,,,,,,,,,,,,,,,,,,,,,,
na,,ciliako,220804,unusable,0,3,,egfp,spy + nuc,ccdc39-2,,,,,,,,,,,,,,,,,,,,,,,,,,nd,nd,nd,1,,,,,,,,,,,,,,,,,,,,,,,,,,
na,,ciliako,220804,unusable,0,4,,egfp,spy + nuc,ccdc39-3,,,,,,,,,,,,,,,,,,,,,,,,,,nd,nd,nd,1,,,,,,,,,,,,,,,,,,,,,,,,,,
na,,ciliako,220804,unusable,0,5,,egfp,spy + nuc,ccdc39-4,,,,,,,,,,,,,,,,,,,,,,,,,,nd,nd,nd,1,,,,,,,,,,,,,,,,,,,,,,,,,,
na,,ciliako,220804,unusable,0,6,,egfp,spy + nuc,ccdc39-5,,,,,,,,,,,,,,,,,,,,,,,,,,nd,nd,nd,1,,,,,,,,,,,,,,,,,,,,,,,,,,
na,,ciliako,220804,unusable,0,7,,egfp,spy + nuc,dnai1-1,,,,,,,,,,,,,,,,,,,,,,,,,,nd,nd,nd,1,,,,,,,,,,,,,,,,,,,,,,,,,,
na,,ciliako,220804,unusable,0,8,,egfp,spy + nuc,dnai1-2,,,,,,,,,,,,,,,,,,,,,161977,0.012268,32,,,nd,nd,nd,1,,,,,,,,,,,,,,,,,,,,,,,,,,
na,,ciliako,220804,unusable,0,9,,egfp,spy + nuc,dnai1-3,,,,,,,,,,,,,,,,,,,,,,,,,,nd,nd,nd,1,,,,,,,,,,,,,,,,,,,,,,,,,,
na,,ciliako,220804,unusable,0,10,,egfp,spy + nuc,dnai1-4,,,,,,,,,,,,,,,,,,,,,,,,,,nd,nd,nd,1,,,,,,,,,,,,,,,,,,,,,,,,,,
na,,ciliako,220804,unusable,0,11,,egfp,spy + nuc,dnai1-5,,,,,,,,,,,,,,,,,,,,,,,,,,nd,nd,nd,1,,,,,,,,,,,,,,,,,,,,,,,,,,
na,,ciliako,220804,unusable,0,12,,egfp,spy + nuc,dnah5-1,,,,,,,,,,,,,,,,,,,,,730437,0.055321,31,,,nd,nd,nd,1,,,,,,,,,,,,,,,,,,,,,,,,,,
na,,ciliako,220804,unusable,0,13,,egfp,spy + nuc,dnai5-2,,,,,,,,,,,,,,,,,,,,,,,,,,nd,nd,nd,1,,,,,,,,,,,,,,,,,,,,,,,,,,
na,,ciliako,220804,unusable,0,14,,egfp,spy + nuc,dnah5-4,,,,,,,,,,,,,,,,,,,,,,,,,,nd,nd,nd,1,,,,,,,,,,,,,,,,,,,,,,,,,,
na,,ciliako,220804,unusable,0,15,,egfp,spy + nuc,dnah5-5,,,,,,,,,,,,,,,,,,,,,,,,,,nd,nd,nd,1,,,,,,,,,,,,,,,,,,,,,,,,,,
mb_220616_ruxcilia_pt1_stc_concat_all_aligned_cropped.tif,mb_220616_ruxcilia_pt1_stc_concat_all_aligned_cropped-all-spots.csv,ruxcilia,220616,assess,0,1,3,egfp,spy + nuc,dmso,like zero spytub early on. Also think something happened at 90 hpi.,edge,clean,densecysts,some,rotary,rotary,35,68,no,,,,diffuse,,diffuse,16,,,,,,,,,nd,nd,nd,1,3817,1313,170,45,7,1,2.811259142,2.41337294,13748933,1100365,887775,634353,481340,0,35,35,35,35,13748933,2443,1600,708,13748933,1983,1277,12
mb_220616_ruxcilia_pt2_stc_concat_all_aligned_cropped.tif,mb_220616_ruxcilia_pt2_stc_concat_all_aligned_cropped-all-spots.csv,ruxcilia,220616,assess,0,2,3,egfp,spy + nuc,24rux,lot of infection including right under mucus knob?,unjammed,clean,densecysts,some,rotary,rotary,35,68,no,,,,diffuse,,diffuse,23,,,,,,,,,nd,nd,nd,1,4136,1053,258,69,53,45,3.482280137,1.882120519,14902832,3808587,3186814,2260928,1674468,0,43,43,43,43,14902832,13470474,12865766,10437247,14902832,13562352,13098054,11827482
mb_220616_ruxcilia_pt3_stc_concat_all_aligned_cropped.tif,mb_220616_ruxcilia_pt3_stc_concat_all_aligned_cropped-all-spots.csv,ruxcilia,220616,assess,0,3,3,egfp,spy + nuc,prerux,,unjammed,furrows,densecysts,yes,rotary,rotary,35,68,no,,,,diffuse-comet,,diffuse,52,,,,,,,,,nd,nd,nd,1,4255,2004,1187,642,278,20,6.387766817,2.757547226,15315997,3264708,2687452,1944013,1471128,0,43,43,43,43,15315997,12420874,11085973,6832119,15315997,12841465,11981463,8990192
mb_220616_ruxcilia_pt4_stc_concat_all_aligned_cropped.tif,mb_220616_ruxcilia_pt4_stc_concat_all_aligned_cropped-all-spots.csv,ruxcilia,220616,assess,0,4,3,egfp,spy + nuc,0rux,,unjammed,furrows,densecysts,yes,disorganized,disorganized,35,68,no,,,,midsizecomet,,comet,66,,,,,,,,,nd,nd,nd,1,4375,2996,2417,2096,1623,812,22.67305221,9.325866735,15819489,4774428,3524698,2228766,1530468,0,46,46,45,43,15819489,11399610,9435693,5876232,15819489,12007272,10341376,7264438
mb_220616_ruxcilia_pt5_stc_concat_all_aligned_cropped.tif,mb_220616_ruxcilia_pt5_stc_concat_all_aligned_cropped-all-spots.csv,ruxcilia,220616,assess,1,5,3,egfp,spy + nuc,vanilla,,unjammed,furrows,densecysts,some,rotary,rotary,35,68,no,,,,diffuse,,diffuse,38,,,,,,,,,nd,nd,nd,1,4275,1468,583,183,36,9,3.661056888,2.223035241,15371505,2382242,1716490,900703,564467,0,36,36,36,36,15371505,12967701,12108481,8126976,15371505,13184783,12582277,10222457
mb_220616_ruxcilia_pt6_stc_concat_all_aligned_cropped.tif,mb_220616_ruxcilia_pt6_stc_concat_all_aligned_cropped-all-spots.csv,ruxcilia,220616,assess,1,6,3,egfp,spy + nuc,vanilla,,edge,clean,densecysts,some,rotary,rotary,32,68,no,,,,diffuse,,diffuse,83,,,,,,,,,nd,nd,nd,1,4394,886,415,194,34,5,2.833321776,1.47312192,15819489,3327716,2502680,1576594,1069994,0,35,35,35,35,15819489,13015118,12490847,9495298,15819489,13185997,12821115,10910023
mb_220616_ruxcilia_pt7_stc_concat_all_aligned_cropped.tif,mb_220616_ruxcilia_pt7_stc_concat_all_aligned_cropped-all-spots.csv,ruxcilia,220616,assess,1,7,3,mock,spy + nuc,vanilla,,unjammed,furrows,densecysts,mock,rotary,rotary,35,68,no,,,,mock,,mock,1,,,,,,,,,nd,nd,nd,1,3833,1019,251,91,36,30,3.272911786,1.884980849,13801569,55338,12867,239,20,0,0,0,0,51,13801569,13380414,12792493,9826408,13801569,13505918,13152109,11584045
cilia_pt1_alltimes_stc_max_aligned_cropped.tif,cilia_pt1.csv,cilia,220516,assess,0,1,3,egfp,spy + nuc,rux,huuuge ruptures. weirdly sparse infection. Infection under the mucus ball>,edge,pointycrypts,cysts,yes,rotary,ball,47,85,no,,yes,,diffuse,7,diffuse,9,9,1593,84,357479,0.027074,0,,,nd,nd,nd,1,4219,3365,2240,1143,377,18,9.8767155,6.304242787,15524952,1354883,1003666,417270,143215,0,21,0,0,84,15524952,12957034,12561046,9399385,15524952,13139511,12770935,11851265
cilia_pt2_alltimes_stc_max_aligned_cropped.tif,cilia_pt2.csv,cilia,220516,assess,0,2,3,mock,spy + nuc,rux,huuuge ruptures,unjammed,pointycrypts,clean,mock,rotary,ball,85,85,yes,,no,,mock,0,mock,3,1,138,33,441559,0.033442,0,,,nd,nd,nd,1,3722,3253,2384,1232,724,105,14.17700324,7.421463393,14346892,413461,293294,127586,54879,0,21,2,2,1,14346892,13088992,12614787,11013666,14346892,13361077,12882490,11979041
cilia_pt3_alltimes_stc_max_aligned_cropped.tif,cilia_pt3.csv,cilia,220516,assess,1,3,3,mock,spy + nuc,vanilla,,edge,pointycrypts,cysts,mock,rotary,ball,85,85,yes,,no,,mock,0,mock,1,0,586,55,249803,0.018919,0,,,nd,nd,nd,1,3815,1588,912,432,225,32,6.164273437,2.343814818,14112973,272018,171548,57768,11716,0,21,21,21,0,14112973,12973415,12538324,8994061,14112973,13274083,12909327,11774914
cilia_pt4_altimes_stc_max_aligned_cropped.tif,cilia_pt4.csv,cilia,220516,assess,1,4,3,egfp,spy + nuc,vanilla,borderline rotary,edge,pointycrypts,cysts,no,rotary,ball,48,85,no,,hard to tell,,diffuse ,7,diffuse,14,5,7522,64,288956,0.021885,55,,,nd,nd,nd,1,4211,2624,1998,1590,1023,129,13.51808381,4.934445564,15615845,1612643,1175614,523690,274171,0,46,46,55,55,15615845,13041698,12475301,7367346,15615845,13395666,12977301,11236270
cilia_pt5_alltimes_stc_max_aligned_cropped.tif,cilia_pt5.csv,cilia,220516,assess,1,5,4,egfp,spy + nuc,vanilla,many 20hpi spots may be multiple cells; mobile around edge,unjammed,edgefurrow,clean,no,disorganized,disorganized,10,85,no,,hard to tell,,plaque-littlecomet,2,plaque,83,150,2582,67,268050,0.020301,35,,,nd,nd,nd,1,3026,3016,2690,1487,1218,0,19.63384643,8.167806501,15371632,1491228,1194633,647986,233849,0,35,35,35,35,15371632,12938822,11906234,7527743,15371632,13367786,12594555,9718568
cilia_pt6_alltimes_stc_max_aligned_cropped.tif,cilia_pt6.csv,cilia,220516,assess,1,6,4,mock,spy + nuc,vanilla,,unjammed,edgefurrow,clean,mock,disorganized,disorganized,36,85,no,,no,,mock,0,mock,3,0,156,21,149048,0.011288,21,,,nd,nd,nd,1,2334,1891,256,91,45,0,5.084152728,1.944889801,14718553,776859,585095,250759,89147,0,21,21,21,21,14718553,13003348,12418481,9932485,14718553,13516961,12982454,11745720
cilia_pt7_alltimes_stc_max_aligned_cropped.tif,cilia_pt7.csv,cilia,220516,assess,1,7,2,mock,spy + nuc,vanilla,crunkly nucview,edge,pointycrypts,clean,mock,rotary,ball,85,85,yes,,no,,mock,0,mock,4,0,65,21,42939,0.003252,21,,,nd,nd,nd,1,3792,662,218,76,8,4,2.43954798,1.709159794,13749220,21245,2879,3,1,0,35,35,0,33,13749220,13089119,12661834,10447627,13749220,13351402,12972784,12047065
cilia_pt8_alltimes_stc_max_aligned_cropped.tif,cilia_pt8.csv,cilia,220516,assess,1,8,2,egfp,spy + nuc,vanilla,borderline rotary; lots of spots early on but they peter out. bystander apoptosis in a pattern that could be a diffuse focus.,jammed,edgefurrow,clean,no,disorganized,disorganized,46,85,no,,yes,,plaque-littlecomet,2,plaque,14,2,865,53,143427,0.010863,21,,,nd,nd,nd,1,3882,1039,538,290,100,19,3.88929539,1.582594367,14066368,186171,102017,32212,28139,0,21,21,55,57,14066368,13083130,12654732,10023128,14066368,13446832,13020775,11992098
d2d4ag_pt1_alltimes_stc_max_aligned_cropped.tif,d2d4ag_pt1_spots.csv,d2d4ag,220423,assess,1,1,4,egfp,cmo,agarose,,unjammed,furrows,densecysts,no,disorganized,disorganized,8,99,no,,hard to tell,,plaque,1,plaque,39,56,1795,45,193147,0.014628,11,,,nd,nd,nd,1,,,,,,,,,15819489,1693612,1321715,621770,153524,0,23,23,23,23,15819489,15761301,15647475,15000455,15819489,15808776,15794919,15619804
d2d4ag_pt2_alltimes_stc_max_aligned_cropped.tif,d2d4ag_pt2_spots.csv,d2d4ag,220423,assess,1,2,2,egfp,cmo,agarose,you can see the epithelium moving under the cast of the cmo,unjammed,furrows,cysts,yes,static,static,0,99,no,,y,,plaque,1,plaque,22,27,1298,78,743181,0.056286,9,,,nd,nd,nd,1,,,,,,,,,15819489,1744596,1361480,646914,273138,0,52,9,0,48,15819489,15795756,15716413,15424916,15819489,15803436,15787807,15588714
d2d4ag_pt3_alltimes_stc_max_aligned_cropped.tif,d2d4ag_pt3_spots.csv,d2d4ag,220423,assess,1,3,2,egfp,cmo,vanilla,lots of crypts with a sinus,unjammed,furrows,cysts,yes,disorganized,disorganized,99,99,yes,,y,,midsizecomet,4,comet,107,88,14642,51,1785078,0.135197,51,,,nd,nd,nd,1,,,,,,,,,15039805,4045077,3200267,2237025,1739251,0,51,51,51,51,15039805,15039020,15033324,14994672,15039805,15039803,15036023,15018016
d2d4ag_pt4_alltimes_stc_max_aligned_cropped.tif,d2d4ag_pt4_spots.csv,d2d4ag,220423,assess,1,4,4,egfp,cmo,vanilla,,unjammed,furrows,densecysts,yes,disorganized,disorganized,7,99,no,,hard to tell,,plaque-littlecomet,2,plaque,30,35,1991,62,232966,0.017644,74,,,nd,nd,nd,1,,,,,,,,,14172757,837589,631029,341963,228114,0,74,74,0,74,14172757,14171346,14165706,14129971,14172757,14172596,14171336,14168343
d2d4ag_pt5_alltimes_stc_max_aligned_cropped.tif,d2d4ag_pt5_spots.csv,d2d4ag,220423,assess,1,5,4,egfp,cmo,vanilla,blighted- too much rotation,hypermobile,furrows,clean,yes,disorganized,disorganized,20,99,no,,n,,plaque-littlecomet,2,plaque,149,165,4954,44,464754,0.035199,44,,,nd,nd,nd,1,,,,,,,,,13696313,858862,713766,554715,376839,0,51,43,43,44,13696313,13683945,13680447,13662281,13696313,13687462,13682961,13649793
d2d4ag_pt6_alltimes_stc_max_aligned_cropped.tif,d2d4ag_pt6_spots.csv,d2d4ag,220423,assess,1,6,2,egfp,cmo,vanilla,blighted- too much rotation,hypermobile,furrows,clean,yes,disorganized,disorganized,48,99,no,,y,,plaque-littlecomet,3,plaque,175,242,7009,51,768452,0.0582,51,,,nd,nd,nd,1,,,,,,,,,15819489,2886989,2316305,1345427,768427,23,51,51,51,51,15818369,15654973,15591746,15355628,15814242,15792326,15773418,15703596
d2d4ag_pt7_alltimesd38_stc_max_aligned_cropped.tif,d2d4ag_pt7_spots.csv,d2d4ag,220423,assess,1,7,2,mock,cmo,vanilla,,unjammed,furrows,densecysts,mock,rotary,rotary   ,76,99,yes,,no,,mock,0,mock,3,0,457,67,87882,0.006656,0,,,nd,nd,nd,1,,,,,,,,,15809361,1203701,808156,304122,74176,28,0,0,0,0,15783441,15763421,15746093,15702211,15783826,15775981,15764686,15705257
d2d4ag_pt8_alltimesd38_stc_max_aligned_cropped.tif,d2d4ag_pt8_spots.csv,d2d4ag,220423,assess,1,8,4,mock,cmo,vanilla,less than 100% on that mucus stop time,unjammed,furrows,densecysts,mock,disorganized,disorganized,64,99,no,,no,,mock,0,mock,1,0,722,75,186473,0.014123,0,,,nd,nd,nd,1,,,,,,,,,14875321,997949,727834,334842,133088,0,0,0,0,0,14875321,14856611,14851468,14842258,14875321,14861339,14856299,14849041
Aligned_MAX_d3ag2_pt1_concat_cropped.tif,d3ag2_pt1_spots.csv,d3ag2,220419,assess,1,1,3,egfp,spy,agarose,,unjammed,furrows,densecysts,yes,static,static,1,49,no,,hard to tell,,plaque,1,plaque,7,48,1088,48,538096,0.040754,21,,,nd,nd,nd,1,1737,1730,1719,1419,1393,0,30.26959918,--,13907109,461344,386914,260214,125957,0,45,45,45,45,13907109,13747958,13547206,13198068,13907109,13745384,13512575,13156657
Aligned_MAX_d3ag2_pt2_concat_cropped.tif,d3ag2_pt2_spots.csv,d3ag2,220419,assess,1,2,3,egfp,undyed,agarose,,unjammed,furrows,densecysts,yes,static,static,1,49,no,,hard to tell,,plaque-littlecomet,2,plaque,17,47,2712,48,446962,0.033852,48,,,nd,nd,nd,1,4197,2907,484,265,75,1,4.85168523,3.647887905,15094805,1405894,1140520,694699,417670,0,48,48,48,48,15094805,780,1,0,15094805,95,0,0
Aligned_MAX_d3ag2_pt3_concat_cropped.tif,d3ag2_pt3_spots.csv,d3ag2,220419,assess,1,3,3,egfp,undyed,agarose,,unjammed,furrows,densecysts,yes,static,static,1,49,no,,hard to tell,,plaque-littlecomet,2,plaque,17,49,3781,48,369499,0.027985,48,,,nd,nd,nd,1,3864,90,54,24,4,0,0.739670048,0.514338407,13907109,442232,382207,316052,272432,0,48,48,48,48,13907109,0,0,0,13907109,0,0,0
Aligned_MAX_d3ag2_pt4_concat_cropped.tif,d3ag2_pt4_spots.csv,d3ag2,220419,assess,1,4,3,egfp,spy,agarose,,unjammed,furrows,densecysts,yes,static,static,3,49,idk,,hard to tell,,plaque-littlecomet,2,plaque,12,42,4290,48,506046,0.038327,48,,,nd,nd,nd,1,1831,1831,1831,1507,1456,0,30.20147456,--,15594613,1663694,1337313,747298,505363,0,47,46,48,48,15594613,14346714,13934617,13422449,15594613,14730994,14065936,13445584
Aligned_MAX_d3ag2_pt5_concat_cropped.tif,d3ag2_pt5_spots.csv,d3ag2,220419,assess,1,5,3,egfp,spy,vanilla,,unjammed,furrows,cysts,yes,rotary,ball,36,49,no,,y,,diffuse-comet,6,diffuse,11,28,8029,48,586874,0.044448,46,,,nd,nd,nd,1,3081,2521,2182,1835,1527,658,28.1428646,7.597593818,15039805,1423038,1177004,789633,549590,0,46,46,46,46,15039805,14278487,13922901,13393791,15039805,14472742,14134614,13615100
Aligned_MAX_d3ag2_pt6_concat_cropped.tif,d3ag2_pt6_spots.csv,d3ag2,220419,assess,1,6,3,egfp,undyed,vanilla,,unjammed,furrows,densecysts,some,rotary,ball,33,49,no,,y,,diffuse,7,diffuse,107,62,12068,46,824039,0.06241,45,,,nd,nd,nd,1,4114,473,372,243,134,57,2.77822314,0.454807647,14820661,2174041,1773864,1226945,789374,0,45,45,45,45,14820661,4590,10,0,14820661,60,0,0
Aligned_MAX_d3ag2_pt7_concat_cropped.tif,d3ag2_pt7_spots.csv,d3ag2,220419,assess,1,7,3,mock,undyed,vanilla,,unjammed,furrows,densecysts,mock,rotary,ball,49,49,yes,,n,,mock,0,mock,3,0,107,21,336488,0.025485,0,,,nd,nd,nd,1,4036,225,133,32,4,0,0.898015143,0.388325557,14548893,694554,530033,248117,99703,0,0,0,21,21,14548893,354,0,0,14548893,19,0,0
Aligned_MAX_d3ag2_pt8_concat_cropped.tif,d3ag2_pt8_spots.csv,d3ag2,220419,assess,1,8,3,mock,spy,vanilla,,unjammed,furrows,densecysts,mock,rotary,rotary   ,48,48,yes,,n,,mock,0,mock,1,0,60,0,197406,0.014951,0,,,nd,nd,nd,1,4152,2944,2658,2299,1708,278,21.40752223,14.03882258,15763053,1481505,1126724,549193,171124,0,21,21,0,0,15763053,14551587,13940263,13382266,15763053,14924935,14308955,13673513
agaroseD3_pt1_alldays_max_aligned_cropped.tif,agaroseD3_pt1_spots.csv,agarose_d3,220216,assess,1,1,3,egfp,cmo,vanilla,scratch,unjammed,furrows,densecysts,some,rotary,ball,29,85,no,,y,,diffuse,7,diffuse,302,178,19141,48,1792072,0.135727,47,,,nd,nd,nd,1,,,,,,,,,13644240,6950799,4416402,2380196,1792072,0,61,61,60,47,13644240,13399111,13257191,12671743,13644240,13635622,13600783,13406151
agaroseD3_pt2_alldays_max_aligned_crop.tif,agaroseD3_pt2_spots.csv,agarose_d3,220216,assess,1,2,3,egfp,cmo,vanilla,,unjammed,furrows,densecysts,yes,rotary,ball,49,85,no,,y,,diffuse-comet,6,diffuse,8,25,8611,56,1338504,0.101375,61,,,nd,nd,nd,1,,,,,,,,,15323077,5273631,3810083,2116736,1338504,0,61,61,61,61,15323077,15319674,15308066,15239384,15323077,15320552,15317416,15308300
agaroseD3_pt3_alldays_maxproj_aligned_crop.tif,agaroseD3_pt3_spots.csv,agarose_d3,220216,assess,1,3,3,egfp,cmo,vanilla,,unjammed,furrows,densecysts,yes,rotary,ball,43,85,no,,y,,diffuse,7,diffuse,9,18,20358,57,10024935,0.759261,61,,,nd,nd,nd,1,,,,,,,,,14875500,7249485,5354545,3615342,2640927,0,61,61,61,61,14875500,14875356,14873824,14861376,14875500,14874117,14871890,14867981
agaroseD3_pt4_alldays_maxproj_aligned_cropped.tif,agaroseD3_pt4_spots.csv,agarose_d3,220216,assess,1,4,3,egfp,cmo,agarose,,edge,furrows,densecysts,yes,static,static,1,85,no,,hard to tell,,crypt,8,crypt,13,17,14656,84,2983744,0.225981,62,,,nd,nd,nd,1,,,,,,,,,14813857,6665591,5211303,3634570,2762346,0,61,62,74,74,14813857,14798919,14789350,14776611,14803572,14796192,14792211,14778970
agaroseD3_pt5_alldays_maxproj_aligned_cropped.tif,agaroseD3_pt5_spots.csv,agarose_d3,220216,assess,1,5,3,mock,cmo,agarose,scrunchled in the agarose layer,unjammed,furrows,densecysts,mock,static,static,1,85,no,,n,,mock,0,mock,0,0,140,40,1478369,0.111968,13,,,nd,nd,nd,1,,,,,,,,,15989324,3296050,2333969,1503616,760919,0,13,13,13,13,15989324,14997039,14671316,13975684,15989324,15736028,15491730,14828890
agaroseD3_pt6_alldays_maxproj_aligned_cropped.tif,agaroseD3_pt6_spots.csv,agarose_d3,220216,video,1,6,3,mock,cmo,vanilla,clipped off the top for the first day or so. You can also clearly see mucus moving over the cells in CMO.,unjammed,furrows,densecysts,mock,rotary,ball,78,85,no,,n,,mock,0,mock,0,0,400,0,656864,0.049749,13,,,nd,nd,nd,1,,,,,,,,,14909585,2517098,1248155,677183,342679,13,13,13,13,13,10881839,10881513,10880174,10870120,14909585,14909553,14908200,14858424
agarose_pt1_alldays_maxproj_aligned_cropped.tif,agarose_pt1_spots.csv,agarose,220118,assess,1,1,2,egfp,cmo,agarose2,,jammed,furrows,densecysts,yes,static,static,1,96,no,,y,,plaque,1,plaque,19,19,583,75,103263,0.007821,62,,,nd,nd,nd,1,,,,,,,,,13461384,1604659,417370,126111,103263,0,1,1,75,62,13461384,13461384,13461384,13461381,13461384,13461384,13461384,13461384
agarose_pt2_alldays_stitched_maxproj_aligned_crop 2.tif,agarose_pt2_spots.csv,agarose,220118,assess,1,2,2,egfp,cmo,vanilla,borderline w midsize comet,unjammed,furrows,densecysts,some,disorganized,disorganized,96,96,yes,,y,,littlecomet,3,comet,114,120,5901,74,1281891,0.097087,63,,,nd,nd,nd,1,,,,,,,,,15122548,5938433,3829501,2030012,1281891,0,63,63,63,63,15122548,15122546,15121979,15105487,15074121,15073718,15073641,15073434
agarose_pt3_alldays_maxproj_aligned_crop.tif,agarose_pt3_spots.csv,agarose,220118,assess,1,3,2,egfp,cmo,vanilla,,unjammed,furrows,densecysts,yes,disorganized,disorganized,56,96,no,,y,,littlecomet,3,comet,56,74,5406,83,1016066,0.076954,76,,,nd,nd,nd,1,,,,,,,,,14326890,4570608,2816813,1437128,1016066,13,76,76,76,76,14303041,14303041,14303041,14302670,14325914,14325868,14325863,14325849
agarose_pt4_alldays_maxproj_aligned_crop.tif,agarose_pt4_spots.csv,agarose,220118,assess,1,4,2,egfp,cmo,agarose,,unjammed,furrows,densecysts,yes,static,static,1,96,no,,y,,plaque,1,plaque,75,78,1580,75,371241,0.028117,75,,,nd,nd,nd,1,,,,,,,,,14213016,2642332,1223006,602289,371241,0,75,75,75,75,14213016,14142663,14066051,13932882,14213016,14203692,14181946,14112976
agarose_pt5_alldays_maxproj_aligned_crop.tif,agarose_pt5_spots.csv,agarose,220118,assess,1,5,2,egfp,cmo,agarose,"at 7 o clock you can see a focus where clearly the cells moved, not the mucus.",unjammed,furrows,densecysts,some,static,static,1,96,no,,y,,plaque,1,plaque,37,53,1188,67,182985,0.013859,63,,,nd,nd,nd,1,,,,,,,,,13762192,2549483,758052,252818,182985,0,0,0,63,63,13762192,13744810,13724014,13613233,13762192,13762169,13754739,13660063
agarose_pt6_alldays_maxproj_aligned_crop.tif,agarose_pt6_spots.csv,agarose,220118,assess,1,6,2,mock,cmo,vanilla,you can see mucus flowing smoothly over densecysts and getting stuck in crypts.,unjammed,furrows,densecysts,mock,disorganized,disorganized,96,96,yes,,n,,mock,0,mock,1,0,382,2,240213,0.018193,0,,,nd,nd,nd,1,,,,,,,,,14333544,2830263,1142408,483615,240213,0,0,0,0,0,14333544,14333521,14332393,14322242,14333544,14333544,14333544,14333299
na,,ciliakos,211215,unusable,0,1,,egfp,cmo,dnai1-m,so so so bad…,,,,,,,,,,,,,,,,,,,,,,,,,nd,nd,nd,1,,,,,,,,,,,,,,,,,,,,,,,,,,
na,,ciliakos,211215,unusable,0,2,,egfp,cmo,dnai1-m,so so so bad…,,,,,,,,,,,,,,,,,,,,,,,,,nd,nd,nd,1,,,,,,,,,,,,,,,,,,,,,,,,,,
na,,ciliakos,211215,unusable,0,3,,egfp,cmo,ccdc39-m,so so so bad…,,,,,,,,,,,,,,,,,,,,,,,,,nd,nd,nd,1,,,,,,,,,,,,,,,,,,,,,,,,,,
na,,ciliakos,211215,unusable,0,4,,egfp,cmo,ccdc39-m,so so so bad…,,,,,,,,,,,,,,,,,,,,,,,,,nd,nd,nd,1,,,,,,,,,,,,,,,,,,,,,,,,,,
na,,ciliakos,211215,unusable,0,5,,egfp,cmo,dnah5-m,so so so bad…,,,,,,,,,,,,,,,,,,,,,,,,,nd,nd,nd,1,,,,,,,,,,,,,,,,,,,,,,,,,,
na,,ciliakos,211215,unusable,0,6,,egfp,cmo,nt-3,so so so bad…,,,,,,,,,,,,,,,,,,,,,,,,,nd,nd,nd,1,,,,,,,,,,,,,,,,,,,,,,,,,,
